epoch,lr-AdamW,step,test/loss,test/mae,test/mse,test/pearson,test/r2,test/spearman,train/loss_epoch,train/loss_step,train/mae,train/mse,train/pearson,train/r2,train/spearman,val/loss,val/mae,val/mse,val/pearson,val/r2,val/spearman
,0.0001,0,,,,,,,,,,,,,,,,,,,
0,,9,,,,,,,,1.2605823278427124,,,,,,,,,,,
0,,19,,,,,,,,1.054767370223999,,,,,,,,,,,
0,,29,,,,,,,,1.8218019008636475,,,,,,,,,,,
0,,39,,,,,,,,1.251490831375122,,,,,,,,,,,
0,,49,,,,,,,,1.0812989473342896,,,,,,,,,,,
0,,59,,,,,,,,0.90814208984375,,,,,,,,,,,
0,,69,,,,,,,,0.8175904750823975,,,,,,,,,,,
0,,79,,,,,,,,2.1768226623535156,,,,,,,,,,,
0,,89,,,,,,,,1.444566249847412,,,,,,,,,,,
0,,99,,,,,,,,1.6294695138931274,,,,,,,,,,,
0,,109,,,,,,,,0.5875133275985718,,,,,,,,,,,
0,,119,,,,,,,,0.5083627700805664,,,,,,,,,,,
0,,129,,,,,,,,1.5398869514465332,,,,,,,,,,,
0,,139,,,,,,,,1.6958842277526855,,,,,,,,,,,
0,,149,,,,,,,,1.4616382122039795,,,,,,,,,,,
0,,159,,,,,,,,0.3617098927497864,,,,,,,,,,,
0,,169,,,,,,,,1.426986575126648,,,,,,,,,,,
0,,179,,,,,,,,0.9622182846069336,,,,,,,,,,,
0,,189,,,,,,,,0.8523653149604797,,,,,,,,,,,
0,,199,,,,,,,,0.4549611806869507,,,,,,,,,,,
0,,209,,,,,,,,2.1348912715911865,,,,,,,,,,,
0,,219,,,,,,,,1.0023915767669678,,,,,,,,,,,
0,,229,,,,,,,,0.9723430275917053,,,,,,,,,,,
0,,239,,,,,,,,0.8911210894584656,,,,,,,,,,,
0,,249,,,,,,,,1.2935361862182617,,,,,,,,,,,
0,,259,,,,,,,,1.0025826692581177,,,,,,,,,,,
0,,269,,,,,,,,1.084233283996582,,,,,,,,,,,
0,,279,,,,,,,,0.5635553002357483,,,,,,,,,,,
0,,289,,,,,,,,1.2799031734466553,,,,,,,,,,,
0,,299,,,,,,,,1.6475212574005127,,,,,,,,,,,
0,,309,,,,,,,,1.2442786693572998,,,,,,,,,,,
0,,319,,,,,,,,0.7023682594299316,,,,,,,,,,,
0,,329,,,,,,,,0.9112292528152466,,,,,,,,,,,
0,,339,,,,,,,,0.742605984210968,,,,,,,,,,,
0,,349,,,,,,,,0.7836928963661194,,,,,,,,,,,
0,,359,,,,,,,,0.6917980909347534,,,,,,,,,,,
0,,369,,,,,,,,1.3818355798721313,,,,,,,,,,,
0,,379,,,,,,,,1.081851601600647,,,,,,,,,,,
0,,389,,,,,,,,1.549465298652649,,,,,,,,,,,
0,,399,,,,,,,,0.8772491216659546,,,,,,,,,,,
0,,409,,,,,,,,0.7083120346069336,,,,,,,,,,,
0,,419,,,,,,,,0.927582859992981,,,,,,,,,,,
0,,429,,,,,,,,1.015944242477417,,,,,,,,,,,
0,,439,,,,,,,,1.6295980215072632,,,,,,,,,,,
0,,449,,,,,,,,0.8385986089706421,,,,,,,,,,,
0,,459,,,,,,,,0.6190149784088135,,,,,,,,,,,
0,,469,,,,,,,,0.9575657844543457,,,,,,,,,,,
0,,479,,,,,,,,0.7885233163833618,,,,,,,,,,,
0,,489,,,,,,,,1.19801926612854,,,,,,,,,,,
0,,499,,,,,,,,0.9645994901657104,,,,,,,,,,,
0,,509,,,,,,,,1.5567994117736816,,,,,,,,,,,
0,,519,,,,,,,,0.7110368013381958,,,,,,,,,,,
0,,529,,,,,,,,0.8812513947486877,,,,,,,,,,,
0,,539,,,,,,,,1.0200644731521606,,,,,,,,,,,
0,,549,,,,,,,,0.6124444603919983,,,,,,,,,,,
0,,559,,,,,,,,0.7960032224655151,,,,,,,,,,,
0,,569,,,,,,,,0.7654817700386047,,,,,,,,,,,
0,,579,,,,,,,,1.7971913814544678,,,,,,,,,,,
0,,589,,,,,,,,0.8067508935928345,,,,,,,,,,,
0,,599,,,,,,,,1.3990970849990845,,,,,,,,,,,
0,,609,,,,,,,,0.8533595204353333,,,,,,,,,,,
0,,619,,,,,,,,1.2357701063156128,,,,,,,,,,,
0,,629,,,,,,,,1.0567063093185425,,,,,,,,,,,
0,,639,,,,,,,,0.9269979596138,,,,,,,,,,,
0,,649,,,,,,,,0.39758947491645813,,,,,,,,,,,
0,,659,,,,,,,,0.5177944898605347,,,,,,,,,,,
0,,669,,,,,,,,1.1361132860183716,,,,,,,,,,,
0,,679,,,,,,,,1.2841227054595947,,,,,,,,,,,
0,,689,,,,,,,,1.2267786264419556,,,,,,,,,,,
0,,699,,,,,,,,1.0400152206420898,,,,,,,,,,,
0,,709,,,,,,,,0.4644133746623993,,,,,,,,,,,
0,,719,,,,,,,,0.8307490348815918,,,,,,,,,,,
0,,729,,,,,,,,1.0985913276672363,,,,,,,,,,,
0,,739,,,,,,,,0.7147040367126465,,,,,,,,,,,
0,,749,,,,,,,,1.0245870351791382,,,,,,,,,,,
0,,759,,,,,,,,0.5750417709350586,,,,,,,,,,,
0,,769,,,,,,,,1.0643190145492554,,,,,,,,,,,
0,,779,,,,,,,,0.8851031064987183,,,,,,,,,,,
0,,789,,,,,,,,0.7374523282051086,,,,,,,,,,,
0,,799,,,,,,,,0.882620096206665,,,,,,,,,,,
0,,809,,,,,,,,1.5612770318984985,,,,,,,,,,,
0,,819,,,,,,,,1.6942405700683594,,,,,,,,,,,
0,,829,,,,,,,,1.9259941577911377,,,,,,,,,,,
0,,839,,,,,,,,0.6563476324081421,,,,,,,,,,,
0,,849,,,,,,,,1.0095499753952026,,,,,,,,,,,
0,,859,,,,,,,,1.8423869609832764,,,,,,,,,,,
0,,869,,,,,,,,0.2917163372039795,,,,,,,,,,,
0,,879,,,,,,,,0.7458668947219849,,,,,,,,,,,
0,,889,,,,,,,,1.0501134395599365,,,,,,,,,,,
0,,899,,,,,,,,0.8486308455467224,,,,,,,,,,,
0,,909,,,,,,,,0.994365930557251,,,,,,,,,,,
0,,919,,,,,,,,0.6695176362991333,,,,,,,,,,,
0,,929,,,,,,,,1.2603486776351929,,,,,,,,,,,
0,,939,,,,,,,,1.1837594509124756,,,,,,,,,,,
0,,949,,,,,,,,0.4742480516433716,,,,,,,,,,,
0,,959,,,,,,,,0.6978586912155151,,,,,,,,,,,
0,,969,,,,,,,,1.39113187789917,,,,,,,,,,,
0,,979,,,,,,,,0.9205663204193115,,,,,,,,,,,
0,,989,,,,,,,,0.5596607327461243,,,,,,,,,,,
0,,999,,,,,,,,1.8856215476989746,,,,,,,,,,,
0,,1009,,,,,,,,1.3074064254760742,,,,,,,,,,,
0,,1019,,,,,,,,0.9366154670715332,,,,,,,,,,,
0,,1029,,,,,,,,0.7543138265609741,,,,,,,,,,,
0,,1039,,,,,,,,0.4669381082057953,,,,,,,,,,,
0,,1049,,,,,,,,0.9266002178192139,,,,,,,,,,,
0,,1059,,,,,,,,0.44557201862335205,,,,,,,,,,,
0,,1069,,,,,,,,1.2541513442993164,,,,,,,,,,,
0,,1079,,,,,,,,0.9465563297271729,,,,,,,,,,,
0,,1089,,,,,,,,0.8954939842224121,,,,,,,,,,,
0,,1099,,,,,,,,0.5230699777603149,,,,,,,,,,,
0,,1109,,,,,,,,0.8001796007156372,,,,,,,,,,,
0,,1119,,,,,,,,1.0584096908569336,,,,,,,,,,,
0,,1129,,,,,,,,0.7031903862953186,,,,,,,,,,,
0,,1139,,,,,,,,0.8833589553833008,,,,,,,,,,,
0,,1149,,,,,,,,1.356113314628601,,,,,,,,,,,
0,,1159,,,,,,,,0.818533718585968,,,,,,,,,,,
0,,1169,,,,,,,,1.0986841917037964,,,,,,,,,,,
0,,1179,,,,,,,,1.2394471168518066,,,,,,,,,,,
0,,1189,,,,,,,,0.7987901568412781,,,,,,,,,,,
0,,1199,,,,,,,,1.2216501235961914,,,,,,,,,,,
0,,1209,,,,,,,,0.8494764566421509,,,,,,,,,,,
0,,1219,,,,,,,,0.794583261013031,,,,,,,,,,,
0,,1229,,,,,,,,0.45296525955200195,,,,,,,,,,,
0,,1239,,,,,,,,0.6276746988296509,,,,,,,,,,,
0,,1249,,,,,,,,1.525886058807373,,,,,,,,,,,
0,,1259,,,,,,,,0.4543437957763672,,,,,,,,,,,
0,,1269,,,,,,,,0.7260634303092957,,,,,,,,,,,
0,,1279,,,,,,,,0.9261544942855835,,,,,,,,,,,
0,,1289,,,,,,,,0.6832786798477173,,,,,,,,,,,
0,,1299,,,,,,,,0.7444289922714233,,,,,,,,,,,
0,,1309,,,,,,,,0.4283834397792816,,,,,,,,,,,
0,,1319,,,,,,,,1.2479177713394165,,,,,,,,,,,
0,,1329,,,,,,,,0.7399941682815552,,,,,,,,,,,
0,,1339,,,,,,,,1.024182915687561,,,,,,,,,,,
0,,1349,,,,,,,,0.5420894622802734,,,,,,,,,,,
0,,1359,,,,,,,,0.8664916157722473,,,,,,,,,,,
0,,1369,,,,,,,,0.5322511196136475,,,,,,,,,,,
0,,1379,,,,,,,,0.5733880400657654,,,,,,,,,,,
0,,1389,,,,,,,,0.9278913736343384,,,,,,,,,,,
0,,1399,,,,,,,,1.1529192924499512,,,,,,,,,,,
0,,1409,,,,,,,,0.7700341939926147,,,,,,,,,,,
0,,1410,,,,,,,,,,,,,,0.8524357676506042,0.7155107259750366,0.8524357676506042,0.3778937757015228,0.14216583967208862,0.3615449368953705
0,,1419,,,,,,,,0.4193841516971588,,,,,,,,,,,
0,,1429,,,,,,,,0.5837621688842773,,,,,,,,,,,
0,,1439,,,,,,,,0.23143994808197021,,,,,,,,,,,
0,,1449,,,,,,,,0.6054142713546753,,,,,,,,,,,
0,,1459,,,,,,,,0.6822881698608398,,,,,,,,,,,
0,,1469,,,,,,,,0.9202778339385986,,,,,,,,,,,
0,,1479,,,,,,,,0.5916762351989746,,,,,,,,,,,
0,,1489,,,,,,,,1.7321281433105469,,,,,,,,,,,
0,,1499,,,,,,,,1.4004652500152588,,,,,,,,,,,
0,,1509,,,,,,,,1.078303575515747,,,,,,,,,,,
0,,1519,,,,,,,,0.9663463234901428,,,,,,,,,,,
0,,1529,,,,,,,,0.8804991245269775,,,,,,,,,,,
0,,1539,,,,,,,,0.9782750010490417,,,,,,,,,,,
0,,1549,,,,,,,,1.1596388816833496,,,,,,,,,,,
0,,1559,,,,,,,,0.99742591381073,,,,,,,,,,,
0,,1569,,,,,,,,0.6952053308486938,,,,,,,,,,,
0,,1579,,,,,,,,0.6604429483413696,,,,,,,,,,,
0,,1589,,,,,,,,0.9432204961776733,,,,,,,,,,,
0,,1599,,,,,,,,0.5370439887046814,,,,,,,,,,,
0,,1609,,,,,,,,0.6731131076812744,,,,,,,,,,,
0,,1619,,,,,,,,0.5661762356758118,,,,,,,,,,,
0,,1629,,,,,,,,0.49229639768600464,,,,,,,,,,,
0,,1639,,,,,,,,0.6887760162353516,,,,,,,,,,,
0,,1649,,,,,,,,0.44907012581825256,,,,,,,,,,,
0,,1659,,,,,,,,0.9887308478355408,,,,,,,,,,,
0,,1669,,,,,,,,0.467770516872406,,,,,,,,,,,
0,,1679,,,,,,,,0.9996095299720764,,,,,,,,,,,
0,,1689,,,,,,,,0.4626758396625519,,,,,,,,,,,
0,,1699,,,,,,,,0.5136213302612305,,,,,,,,,,,
0,,1709,,,,,,,,1.4414464235305786,,,,,,,,,,,
0,,1719,,,,,,,,1.0431296825408936,,,,,,,,,,,
0,,1729,,,,,,,,1.3711211681365967,,,,,,,,,,,
0,,1739,,,,,,,,0.5218355655670166,,,,,,,,,,,
0,,1749,,,,,,,,0.9986180067062378,,,,,,,,,,,
0,,1759,,,,,,,,0.8930863738059998,,,,,,,,,,,
0,,1769,,,,,,,,0.4936651587486267,,,,,,,,,,,
0,,1779,,,,,,,,0.6181030869483948,,,,,,,,,,,
0,,1789,,,,,,,,0.6644943356513977,,,,,,,,,,,
0,,1799,,,,,,,,0.3685023784637451,,,,,,,,,,,
0,,1809,,,,,,,,0.7958669066429138,,,,,,,,,,,
0,,1819,,,,,,,,0.5888628959655762,,,,,,,,,,,
0,,1829,,,,,,,,0.42504844069480896,,,,,,,,,,,
0,,1839,,,,,,,,1.2335636615753174,,,,,,,,,,,
0,,1849,,,,,,,,0.8813676834106445,,,,,,,,,,,
0,,1859,,,,,,,,1.0380432605743408,,,,,,,,,,,
0,,1869,,,,,,,,0.49993035197257996,,,,,,,,,,,
0,,1879,,,,,,,,0.6483363509178162,,,,,,,,,,,
0,,1889,,,,,,,,0.9057185649871826,,,,,,,,,,,
0,,1899,,,,,,,,0.961451530456543,,,,,,,,,,,
0,,1909,,,,,,,,0.8872162103652954,,,,,,,,,,,
0,,1919,,,,,,,,0.5093579292297363,,,,,,,,,,,
0,,1929,,,,,,,,0.6562151908874512,,,,,,,,,,,
0,,1939,,,,,,,,0.33082225918769836,,,,,,,,,,,
0,,1949,,,,,,,,0.6809434294700623,,,,,,,,,,,
0,,1959,,,,,,,,0.6532004475593567,,,,,,,,,,,
0,,1969,,,,,,,,0.8525369167327881,,,,,,,,,,,
0,,1979,,,,,,,,0.46182993054389954,,,,,,,,,,,
0,,1989,,,,,,,,0.7451779842376709,,,,,,,,,,,
0,,1999,,,,,,,,0.7172579169273376,,,,,,,,,,,
0,,2009,,,,,,,,1.1242585182189941,,,,,,,,,,,
0,,2019,,,,,,,,0.5494809746742249,,,,,,,,,,,
0,,2029,,,,,,,,1.0546493530273438,,,,,,,,,,,
0,,2039,,,,,,,,0.941535234451294,,,,,,,,,,,
0,,2049,,,,,,,,1.0000205039978027,,,,,,,,,,,
0,,2059,,,,,,,,0.5912806391716003,,,,,,,,,,,
0,,2069,,,,,,,,0.8412052392959595,,,,,,,,,,,
0,,2079,,,,,,,,0.6064434051513672,,,,,,,,,,,
0,,2089,,,,,,,,0.7064443826675415,,,,,,,,,,,
0,,2099,,,,,,,,0.4500468671321869,,,,,,,,,,,
0,,2109,,,,,,,,0.93767249584198,,,,,,,,,,,
0,,2119,,,,,,,,0.9789061546325684,,,,,,,,,,,
0,,2129,,,,,,,,1.4748153686523438,,,,,,,,,,,
0,,2139,,,,,,,,0.5491197109222412,,,,,,,,,,,
0,,2149,,,,,,,,0.6210941672325134,,,,,,,,,,,
0,,2159,,,,,,,,0.8040677309036255,,,,,,,,,,,
0,,2169,,,,,,,,0.8993009328842163,,,,,,,,,,,
0,,2179,,,,,,,,0.6541424989700317,,,,,,,,,,,
0,,2189,,,,,,,,0.6060420274734497,,,,,,,,,,,
0,,2199,,,,,,,,0.5861146450042725,,,,,,,,,,,
0,,2209,,,,,,,,0.49461135268211365,,,,,,,,,,,
0,,2219,,,,,,,,0.791354238986969,,,,,,,,,,,
0,,2229,,,,,,,,0.8121013641357422,,,,,,,,,,,
0,,2239,,,,,,,,0.8886059522628784,,,,,,,,,,,
0,,2249,,,,,,,,0.39093104004859924,,,,,,,,,,,
0,,2259,,,,,,,,0.6692101955413818,,,,,,,,,,,
0,,2269,,,,,,,,0.5225503444671631,,,,,,,,,,,
0,,2279,,,,,,,,0.8715806007385254,,,,,,,,,,,
0,,2289,,,,,,,,1.798926830291748,,,,,,,,,,,
0,,2299,,,,,,,,0.32338768243789673,,,,,,,,,,,
0,,2309,,,,,,,,0.407805472612381,,,,,,,,,,,
0,,2319,,,,,,,,1.1560401916503906,,,,,,,,,,,
0,,2329,,,,,,,,0.37940579652786255,,,,,,,,,,,
0,,2339,,,,,,,,0.4763783812522888,,,,,,,,,,,
0,,2349,,,,,,,,0.4404679834842682,,,,,,,,,,,
0,,2359,,,,,,,,1.1505566835403442,,,,,,,,,,,
0,,2369,,,,,,,,0.9604427814483643,,,,,,,,,,,
0,,2379,,,,,,,,0.4046018123626709,,,,,,,,,,,
0,,2389,,,,,,,,1.0644909143447876,,,,,,,,,,,
0,,2399,,,,,,,,0.6740859746932983,,,,,,,,,,,
0,,2409,,,,,,,,0.6542026996612549,,,,,,,,,,,
0,,2419,,,,,,,,0.37660011649131775,,,,,,,,,,,
0,,2429,,,,,,,,0.48348602652549744,,,,,,,,,,,
0,,2439,,,,,,,,0.9842265844345093,,,,,,,,,,,
0,,2449,,,,,,,,0.27528735995292664,,,,,,,,,,,
0,,2459,,,,,,,,0.7840975522994995,,,,,,,,,,,
0,,2469,,,,,,,,1.2460378408432007,,,,,,,,,,,
0,,2479,,,,,,,,0.5652270317077637,,,,,,,,,,,
0,,2489,,,,,,,,0.5312056541442871,,,,,,,,,,,
0,,2499,,,,,,,,0.3966413736343384,,,,,,,,,,,
0,,2509,,,,,,,,0.8202399611473083,,,,,,,,,,,
0,,2519,,,,,,,,1.3325201272964478,,,,,,,,,,,
0,,2529,,,,,,,,0.2736378312110901,,,,,,,,,,,
0,,2539,,,,,,,,1.0174238681793213,,,,,,,,,,,
0,,2549,,,,,,,,0.7437122464179993,,,,,,,,,,,
0,,2559,,,,,,,,0.6092404127120972,,,,,,,,,,,
0,,2569,,,,,,,,0.6009653210639954,,,,,,,,,,,
0,,2579,,,,,,,,0.4439448118209839,,,,,,,,,,,
0,,2589,,,,,,,,1.2641040086746216,,,,,,,,,,,
0,,2599,,,,,,,,0.5299849510192871,,,,,,,,,,,
0,,2609,,,,,,,,0.26002758741378784,,,,,,,,,,,
0,,2619,,,,,,,,0.40571796894073486,,,,,,,,,,,
0,,2629,,,,,,,,0.7608703970909119,,,,,,,,,,,
0,,2639,,,,,,,,0.5305904746055603,,,,,,,,,,,
0,,2649,,,,,,,,0.5649585127830505,,,,,,,,,,,
0,,2659,,,,,,,,0.6431915163993835,,,,,,,,,,,
0,,2669,,,,,,,,1.1922028064727783,,,,,,,,,,,
0,,2679,,,,,,,,0.7240464687347412,,,,,,,,,,,
0,,2689,,,,,,,,0.7199052572250366,,,,,,,,,,,
0,,2699,,,,,,,,0.33480286598205566,,,,,,,,,,,
0,,2709,,,,,,,,0.28929775953292847,,,,,,,,,,,
0,,2719,,,,,,,,0.6865177750587463,,,,,,,,,,,
0,,2729,,,,,,,,1.5171804428100586,,,,,,,,,,,
0,,2739,,,,,,,,1.1824846267700195,,,,,,,,,,,
0,,2749,,,,,,,,0.644132137298584,,,,,,,,,,,
0,,2759,,,,,,,,0.23256993293762207,,,,,,,,,,,
0,,2769,,,,,,,,0.6126107573509216,,,,,,,,,,,
0,,2779,,,,,,,,0.7125785946846008,,,,,,,,,,,
0,,2789,,,,,,,,0.726240873336792,,,,,,,,,,,
0,,2799,,,,,,,,0.4279817044734955,,,,,,,,,,,
0,,2809,,,,,,,,1.2617396116256714,,,,,,,,,,,
0,,2819,,,,,,,,1.5614385604858398,,,,,,,,,,,
0,,2821,,,,,,,,,,,,,,0.7721466422080994,0.6809037327766418,0.7721466422080994,0.4730130732059479,0.22296345233917236,0.4359532594680786
0,,2829,,,,,,,,0.5442235469818115,,,,,,,,,,,
0,,2839,,,,,,,,1.355277419090271,,,,,,,,,,,
0,,2849,,,,,,,,0.565001904964447,,,,,,,,,,,
0,,2859,,,,,,,,0.9477956295013428,,,,,,,,,,,
0,,2869,,,,,,,,0.9361752867698669,,,,,,,,,,,
0,,2879,,,,,,,,0.8159446716308594,,,,,,,,,,,
0,,2889,,,,,,,,1.498786211013794,,,,,,,,,,,
0,,2899,,,,,,,,1.3362550735473633,,,,,,,,,,,
0,,2909,,,,,,,,0.7238541841506958,,,,,,,,,,,
0,,2919,,,,,,,,0.621980607509613,,,,,,,,,,,
0,,2929,,,,,,,,0.38814088702201843,,,,,,,,,,,
0,,2939,,,,,,,,0.49245938658714294,,,,,,,,,,,
0,,2949,,,,,,,,1.045957326889038,,,,,,,,,,,
0,,2959,,,,,,,,0.6282926201820374,,,,,,,,,,,
0,,2969,,,,,,,,0.37749147415161133,,,,,,,,,,,
0,,2979,,,,,,,,0.3465219736099243,,,,,,,,,,,
0,,2989,,,,,,,,0.7507891654968262,,,,,,,,,,,
0,,2999,,,,,,,,0.5398112535476685,,,,,,,,,,,
0,,3009,,,,,,,,1.1161305904388428,,,,,,,,,,,
0,,3019,,,,,,,,0.435827374458313,,,,,,,,,,,
0,,3029,,,,,,,,0.6188268661499023,,,,,,,,,,,
0,,3039,,,,,,,,1.1003353595733643,,,,,,,,,,,
0,,3049,,,,,,,,1.2270612716674805,,,,,,,,,,,
0,,3059,,,,,,,,1.0101220607757568,,,,,,,,,,,
0,,3069,,,,,,,,0.4521043598651886,,,,,,,,,,,
0,,3079,,,,,,,,0.4376228153705597,,,,,,,,,,,
0,,3089,,,,,,,,1.1697767972946167,,,,,,,,,,,
0,,3099,,,,,,,,0.5682960748672485,,,,,,,,,,,
0,,3109,,,,,,,,0.7730631828308105,,,,,,,,,,,
0,,3119,,,,,,,,0.9976648092269897,,,,,,,,,,,
0,,3129,,,,,,,,0.37977004051208496,,,,,,,,,,,
0,,3139,,,,,,,,0.554473876953125,,,,,,,,,,,
0,,3149,,,,,,,,0.6224187612533569,,,,,,,,,,,
0,,3159,,,,,,,,0.8387937545776367,,,,,,,,,,,
0,,3169,,,,,,,,0.6090876460075378,,,,,,,,,,,
0,,3179,,,,,,,,0.46640169620513916,,,,,,,,,,,
0,,3189,,,,,,,,0.5622859597206116,,,,,,,,,,,
0,,3199,,,,,,,,1.0614023208618164,,,,,,,,,,,
0,,3209,,,,,,,,0.6715832948684692,,,,,,,,,,,
0,,3219,,,,,,,,0.696176290512085,,,,,,,,,,,
0,,3229,,,,,,,,0.5675791501998901,,,,,,,,,,,
0,,3239,,,,,,,,0.48090505599975586,,,,,,,,,,,
0,,3249,,,,,,,,0.37249699234962463,,,,,,,,,,,
0,,3259,,,,,,,,0.7228426933288574,,,,,,,,,,,
0,,3269,,,,,,,,0.5046933889389038,,,,,,,,,,,
0,,3279,,,,,,,,0.47254371643066406,,,,,,,,,,,
0,,3289,,,,,,,,1.2726011276245117,,,,,,,,,,,
0,,3299,,,,,,,,0.9194099307060242,,,,,,,,,,,
0,,3309,,,,,,,,0.8776206374168396,,,,,,,,,,,
0,,3319,,,,,,,,0.5868712663650513,,,,,,,,,,,
0,,3329,,,,,,,,0.5314187407493591,,,,,,,,,,,
0,,3339,,,,,,,,0.4154369831085205,,,,,,,,,,,
0,,3349,,,,,,,,0.8387081623077393,,,,,,,,,,,
0,,3359,,,,,,,,0.46275806427001953,,,,,,,,,,,
0,,3369,,,,,,,,1.1808182001113892,,,,,,,,,,,
0,,3379,,,,,,,,0.778445839881897,,,,,,,,,,,
0,,3389,,,,,,,,0.40251171588897705,,,,,,,,,,,
0,,3399,,,,,,,,0.7831920385360718,,,,,,,,,,,
0,,3409,,,,,,,,0.9993829131126404,,,,,,,,,,,
0,,3419,,,,,,,,1.021101713180542,,,,,,,,,,,
0,,3429,,,,,,,,0.8162882328033447,,,,,,,,,,,
0,,3439,,,,,,,,0.8197540044784546,,,,,,,,,,,
0,,3449,,,,,,,,0.43418800830841064,,,,,,,,,,,
0,,3459,,,,,,,,1.4008097648620605,,,,,,,,,,,
0,,3469,,,,,,,,1.2798163890838623,,,,,,,,,,,
0,,3479,,,,,,,,0.6446659564971924,,,,,,,,,,,
0,,3489,,,,,,,,1.2598401308059692,,,,,,,,,,,
0,,3499,,,,,,,,0.47209733724594116,,,,,,,,,,,
0,,3509,,,,,,,,0.5572922825813293,,,,,,,,,,,
0,,3519,,,,,,,,0.5058072805404663,,,,,,,,,,,
0,,3529,,,,,,,,0.6321759819984436,,,,,,,,,,,
0,,3539,,,,,,,,0.9411764144897461,,,,,,,,,,,
0,,3549,,,,,,,,0.7563825845718384,,,,,,,,,,,
0,,3559,,,,,,,,0.6136600375175476,,,,,,,,,,,
0,,3569,,,,,,,,0.37277257442474365,,,,,,,,,,,
0,,3579,,,,,,,,1.0916523933410645,,,,,,,,,,,
0,,3589,,,,,,,,0.311648428440094,,,,,,,,,,,
0,,3599,,,,,,,,0.7168866395950317,,,,,,,,,,,
0,,3609,,,,,,,,0.6491076946258545,,,,,,,,,,,
0,,3619,,,,,,,,0.8786181807518005,,,,,,,,,,,
0,,3629,,,,,,,,0.5709589123725891,,,,,,,,,,,
0,,3639,,,,,,,,0.4509713053703308,,,,,,,,,,,
0,,3649,,,,,,,,0.48924583196640015,,,,,,,,,,,
0,,3659,,,,,,,,0.2928484082221985,,,,,,,,,,,
0,,3669,,,,,,,,0.5517733097076416,,,,,,,,,,,
0,,3679,,,,,,,,0.38172996044158936,,,,,,,,,,,
0,,3689,,,,,,,,0.45584648847579956,,,,,,,,,,,
0,,3699,,,,,,,,1.151975154876709,,,,,,,,,,,
0,,3709,,,,,,,,1.0643844604492188,,,,,,,,,,,
0,,3719,,,,,,,,1.3106921911239624,,,,,,,,,,,
0,,3729,,,,,,,,0.3147447109222412,,,,,,,,,,,
0,,3739,,,,,,,,0.679775595664978,,,,,,,,,,,
0,,3749,,,,,,,,0.7235701680183411,,,,,,,,,,,
0,,3759,,,,,,,,0.5084300637245178,,,,,,,,,,,
0,,3769,,,,,,,,0.45643067359924316,,,,,,,,,,,
0,,3779,,,,,,,,0.5939031839370728,,,,,,,,,,,
0,,3789,,,,,,,,1.248816967010498,,,,,,,,,,,
0,,3799,,,,,,,,0.9478476047515869,,,,,,,,,,,
0,,3809,,,,,,,,0.7809649705886841,,,,,,,,,,,
0,,3819,,,,,,,,0.5076396465301514,,,,,,,,,,,
0,,3829,,,,,,,,0.6849105358123779,,,,,,,,,,,
0,,3839,,,,,,,,0.7829673290252686,,,,,,,,,,,
0,,3849,,,,,,,,1.1022768020629883,,,,,,,,,,,
0,,3859,,,,,,,,1.1564719676971436,,,,,,,,,,,
0,,3869,,,,,,,,0.6903553009033203,,,,,,,,,,,
0,,3879,,,,,,,,0.612445592880249,,,,,,,,,,,
0,,3889,,,,,,,,0.3160134553909302,,,,,,,,,,,
0,,3899,,,,,,,,0.6269036531448364,,,,,,,,,,,
0,,3909,,,,,,,,2.0193986892700195,,,,,,,,,,,
0,,3919,,,,,,,,0.468736469745636,,,,,,,,,,,
0,,3929,,,,,,,,1.0200146436691284,,,,,,,,,,,
0,,3939,,,,,,,,0.3815888464450836,,,,,,,,,,,
0,,3949,,,,,,,,0.4503343105316162,,,,,,,,,,,
0,,3959,,,,,,,,0.7431765794754028,,,,,,,,,,,
0,,3969,,,,,,,,1.093996286392212,,,,,,,,,,,
0,,3979,,,,,,,,1.0100085735321045,,,,,,,,,,,
0,,3989,,,,,,,,0.6208744049072266,,,,,,,,,,,
0,,3999,,,,,,,,0.6231836080551147,,,,,,,,,,,
0,,4009,,,,,,,,0.6114376783370972,,,,,,,,,,,
0,,4019,,,,,,,,0.8817356824874878,,,,,,,,,,,
0,,4029,,,,,,,,0.8220524191856384,,,,,,,,,,,
0,,4039,,,,,,,,1.1734213829040527,,,,,,,,,,,
0,,4049,,,,,,,,0.7982990145683289,,,,,,,,,,,
0,,4059,,,,,,,,0.5169624090194702,,,,,,,,,,,
0,,4069,,,,,,,,0.4025488495826721,,,,,,,,,,,
0,,4079,,,,,,,,0.8085888624191284,,,,,,,,,,,
0,,4089,,,,,,,,0.587080717086792,,,,,,,,,,,
0,,4099,,,,,,,,0.5316700339317322,,,,,,,,,,,
0,,4109,,,,,,,,0.7382146120071411,,,,,,,,,,,
0,,4119,,,,,,,,0.25390926003456116,,,,,,,,,,,
0,,4129,,,,,,,,1.0049617290496826,,,,,,,,,,,
0,,4139,,,,,,,,0.7698712348937988,,,,,,,,,,,
0,,4149,,,,,,,,0.9319072961807251,,,,,,,,,,,
0,,4159,,,,,,,,0.3624090850353241,,,,,,,,,,,
0,,4169,,,,,,,,0.8476654291152954,,,,,,,,,,,
0,,4179,,,,,,,,1.1155874729156494,,,,,,,,,,,
0,,4189,,,,,,,,1.7959282398223877,,,,,,,,,,,
0,,4199,,,,,,,,0.9616906046867371,,,,,,,,,,,
0,,4209,,,,,,,,0.3746241331100464,,,,,,,,,,,
0,,4219,,,,,,,,0.777248740196228,,,,,,,,,,,
0,,4229,,,,,,,,0.805798351764679,,,,,,,,,,,
0,,4232,,,,,,,,,,,,,,0.7527074217796326,0.6727123260498047,0.7527074217796326,0.49399614334106445,0.24252581596374512,0.45602166652679443
0,,4239,,,,,,,,0.927121639251709,,,,,,,,,,,
0,,4249,,,,,,,,0.671305775642395,,,,,,,,,,,
0,,4259,,,,,,,,0.7410112023353577,,,,,,,,,,,
0,,4269,,,,,,,,1.1318867206573486,,,,,,,,,,,
0,,4279,,,,,,,,0.8372902870178223,,,,,,,,,,,
0,,4289,,,,,,,,0.24244239926338196,,,,,,,,,,,
0,,4299,,,,,,,,0.5936152935028076,,,,,,,,,,,
0,,4309,,,,,,,,0.6896606683731079,,,,,,,,,,,
0,,4319,,,,,,,,0.7320216298103333,,,,,,,,,,,
0,,4329,,,,,,,,0.741605281829834,,,,,,,,,,,
0,,4339,,,,,,,,0.5716159343719482,,,,,,,,,,,
0,,4349,,,,,,,,0.834318995475769,,,,,,,,,,,
0,,4359,,,,,,,,0.4468693137168884,,,,,,,,,,,
0,,4369,,,,,,,,0.8677666783332825,,,,,,,,,,,
0,,4379,,,,,,,,0.5189906358718872,,,,,,,,,,,
0,,4389,,,,,,,,1.0298259258270264,,,,,,,,,,,
0,,4399,,,,,,,,0.6598149538040161,,,,,,,,,,,
0,,4409,,,,,,,,1.5778584480285645,,,,,,,,,,,
0,,4419,,,,,,,,0.6071808338165283,,,,,,,,,,,
0,,4429,,,,,,,,0.5341678857803345,,,,,,,,,,,
0,,4439,,,,,,,,0.6772953271865845,,,,,,,,,,,
0,,4449,,,,,,,,0.8619612455368042,,,,,,,,,,,
0,,4459,,,,,,,,0.5285322070121765,,,,,,,,,,,
0,,4469,,,,,,,,0.707801878452301,,,,,,,,,,,
0,,4479,,,,,,,,0.5161995887756348,,,,,,,,,,,
0,,4489,,,,,,,,0.7567548155784607,,,,,,,,,,,
0,,4499,,,,,,,,1.1060922145843506,,,,,,,,,,,
0,,4509,,,,,,,,0.6511440277099609,,,,,,,,,,,
0,,4519,,,,,,,,1.2076966762542725,,,,,,,,,,,
0,,4529,,,,,,,,0.5891842842102051,,,,,,,,,,,
0,,4539,,,,,,,,0.9424688220024109,,,,,,,,,,,
0,,4549,,,,,,,,0.759933590888977,,,,,,,,,,,
0,,4559,,,,,,,,0.4071385860443115,,,,,,,,,,,
0,,4569,,,,,,,,0.8120748996734619,,,,,,,,,,,
0,,4579,,,,,,,,0.4926794469356537,,,,,,,,,,,
0,,4589,,,,,,,,0.8259596228599548,,,,,,,,,,,
0,,4599,,,,,,,,0.6608783006668091,,,,,,,,,,,
0,,4609,,,,,,,,0.472969114780426,,,,,,,,,,,
0,,4619,,,,,,,,1.2111555337905884,,,,,,,,,,,
0,,4629,,,,,,,,0.6957957744598389,,,,,,,,,,,
0,,4639,,,,,,,,0.5443957448005676,,,,,,,,,,,
0,,4649,,,,,,,,0.3375239968299866,,,,,,,,,,,
0,,4659,,,,,,,,0.8909288644790649,,,,,,,,,,,
0,,4669,,,,,,,,0.9355002641677856,,,,,,,,,,,
0,,4679,,,,,,,,0.395099401473999,,,,,,,,,,,
0,,4689,,,,,,,,0.6208098530769348,,,,,,,,,,,
0,,4699,,,,,,,,0.29003089666366577,,,,,,,,,,,
0,,4709,,,,,,,,0.5590728521347046,,,,,,,,,,,
0,,4719,,,,,,,,0.6239669919013977,,,,,,,,,,,
0,,4729,,,,,,,,0.7061821818351746,,,,,,,,,,,
0,,4739,,,,,,,,0.4844459891319275,,,,,,,,,,,
0,,4749,,,,,,,,0.7792311906814575,,,,,,,,,,,
0,,4759,,,,,,,,0.4283156991004944,,,,,,,,,,,
0,,4769,,,,,,,,0.6086035966873169,,,,,,,,,,,
0,,4779,,,,,,,,0.7074295282363892,,,,,,,,,,,
0,,4789,,,,,,,,0.4620078206062317,,,,,,,,,,,
0,,4799,,,,,,,,0.9887193441390991,,,,,,,,,,,
0,,4809,,,,,,,,0.9388676881790161,,,,,,,,,,,
0,,4819,,,,,,,,0.6749844551086426,,,,,,,,,,,
0,,4829,,,,,,,,0.5668039321899414,,,,,,,,,,,
0,,4839,,,,,,,,0.8586189150810242,,,,,,,,,,,
0,,4849,,,,,,,,0.5478532314300537,,,,,,,,,,,
0,,4859,,,,,,,,0.6137756109237671,,,,,,,,,,,
0,,4869,,,,,,,,0.9165255427360535,,,,,,,,,,,
0,,4879,,,,,,,,0.32694482803344727,,,,,,,,,,,
0,,4889,,,,,,,,0.6954629421234131,,,,,,,,,,,
0,,4899,,,,,,,,0.574504554271698,,,,,,,,,,,
0,,4909,,,,,,,,0.7246216535568237,,,,,,,,,,,
0,,4919,,,,,,,,0.8468489646911621,,,,,,,,,,,
0,,4929,,,,,,,,0.43519335985183716,,,,,,,,,,,
0,,4939,,,,,,,,0.8636364936828613,,,,,,,,,,,
0,,4949,,,,,,,,0.5127612352371216,,,,,,,,,,,
0,,4959,,,,,,,,0.7296673059463501,,,,,,,,,,,
0,,4969,,,,,,,,0.6530185341835022,,,,,,,,,,,
0,,4979,,,,,,,,0.4599340856075287,,,,,,,,,,,
0,,4989,,,,,,,,0.9375046491622925,,,,,,,,,,,
0,,4999,,,,,,,,1.5942624807357788,,,,,,,,,,,
0,,5009,,,,,,,,0.6107582449913025,,,,,,,,,,,
0,,5019,,,,,,,,0.67339688539505,,,,,,,,,,,
0,,5029,,,,,,,,0.7551267743110657,,,,,,,,,,,
0,,5039,,,,,,,,0.33105459809303284,,,,,,,,,,,
0,,5049,,,,,,,,1.0718929767608643,,,,,,,,,,,
0,,5059,,,,,,,,0.42221489548683167,,,,,,,,,,,
0,,5069,,,,,,,,0.4761558473110199,,,,,,,,,,,
0,,5079,,,,,,,,0.4562220573425293,,,,,,,,,,,
0,,5089,,,,,,,,1.0988198518753052,,,,,,,,,,,
0,,5099,,,,,,,,0.24526125192642212,,,,,,,,,,,
0,,5109,,,,,,,,1.0667695999145508,,,,,,,,,,,
0,,5119,,,,,,,,0.4470981955528259,,,,,,,,,,,
0,,5129,,,,,,,,0.30387598276138306,,,,,,,,,,,
0,,5139,,,,,,,,0.9238609075546265,,,,,,,,,,,
0,,5149,,,,,,,,0.6463921070098877,,,,,,,,,,,
0,,5159,,,,,,,,0.6432730555534363,,,,,,,,,,,
0,,5169,,,,,,,,1.078307867050171,,,,,,,,,,,
0,,5179,,,,,,,,0.7299355268478394,,,,,,,,,,,
0,,5189,,,,,,,,1.3235536813735962,,,,,,,,,,,
0,,5199,,,,,,,,0.42404866218566895,,,,,,,,,,,
0,,5209,,,,,,,,0.8804017901420593,,,,,,,,,,,
0,,5219,,,,,,,,0.6990264654159546,,,,,,,,,,,
0,,5229,,,,,,,,0.9318644404411316,,,,,,,,,,,
0,,5239,,,,,,,,0.5751761198043823,,,,,,,,,,,
0,,5249,,,,,,,,1.2948989868164062,,,,,,,,,,,
0,,5259,,,,,,,,1.0198031663894653,,,,,,,,,,,
0,,5269,,,,,,,,1.1177035570144653,,,,,,,,,,,
0,,5279,,,,,,,,0.7848244905471802,,,,,,,,,,,
0,,5289,,,,,,,,0.7073017358779907,,,,,,,,,,,
0,,5299,,,,,,,,0.8137139678001404,,,,,,,,,,,
0,,5309,,,,,,,,1.961280107498169,,,,,,,,,,,
0,,5319,,,,,,,,1.0645006895065308,,,,,,,,,,,
0,,5329,,,,,,,,0.5977199077606201,,,,,,,,,,,
0,,5339,,,,,,,,0.4416772127151489,,,,,,,,,,,
0,,5349,,,,,,,,0.6582499742507935,,,,,,,,,,,
0,,5359,,,,,,,,0.7077614665031433,,,,,,,,,,,
0,,5369,,,,,,,,0.5395802855491638,,,,,,,,,,,
0,,5379,,,,,,,,1.100105881690979,,,,,,,,,,,
0,,5389,,,,,,,,1.2112808227539062,,,,,,,,,,,
0,,5399,,,,,,,,0.5307839512825012,,,,,,,,,,,
0,,5409,,,,,,,,0.9127907752990723,,,,,,,,,,,
0,,5419,,,,,,,,0.7433559894561768,,,,,,,,,,,
0,,5429,,,,,,,,0.3181459903717041,,,,,,,,,,,
0,,5439,,,,,,,,0.5831756591796875,,,,,,,,,,,
0,,5449,,,,,,,,0.4807688891887665,,,,,,,,,,,
0,,5459,,,,,,,,0.7517206072807312,,,,,,,,,,,
0,,5469,,,,,,,,0.5169217586517334,,,,,,,,,,,
0,,5479,,,,,,,,1.1978894472122192,,,,,,,,,,,
0,,5489,,,,,,,,0.547512412071228,,,,,,,,,,,
0,,5499,,,,,,,,0.5321322083473206,,,,,,,,,,,
0,,5509,,,,,,,,0.714083194732666,,,,,,,,,,,
0,,5519,,,,,,,,0.6671290397644043,,,,,,,,,,,
0,,5529,,,,,,,,0.4177402853965759,,,,,,,,,,,
0,,5539,,,,,,,,1.3312089443206787,,,,,,,,,,,
0,,5549,,,,,,,,0.9999622106552124,,,,,,,,,,,
0,,5559,,,,,,,,0.4361143410205841,,,,,,,,,,,
0,,5569,,,,,,,,1.0442910194396973,,,,,,,,,,,
0,,5579,,,,,,,,0.7294790148735046,,,,,,,,,,,
0,,5589,,,,,,,,0.6262392997741699,,,,,,,,,,,
0,,5599,,,,,,,,0.35314321517944336,,,,,,,,,,,
0,,5609,,,,,,,,0.7029261589050293,,,,,,,,,,,
0,,5619,,,,,,,,0.8813523054122925,,,,,,,,,,,
0,,5629,,,,,,,,1.2179440259933472,,,,,,,,,,,
0,,5639,,,,,,,,0.28780674934387207,,,,,,,,,,,
0,,5643,,,,,,,,,,,,,,0.7527251839637756,0.6734500527381897,0.7527251839637756,0.49982836842536926,0.2425079345703125,0.4607207477092743
0,,5649,,,,,,,,0.7180800437927246,,,,,,,,,,,
0,,5659,,,,,,,,0.2954120635986328,,,,,,,,,,,
0,,5669,,,,,,,,0.6040520668029785,,,,,,,,,,,
0,,5679,,,,,,,,0.1668456792831421,,,,,,,,,,,
0,,5689,,,,,,,,0.6750830411911011,,,,,,,,,,,
0,,5699,,,,,,,,0.4205866754055023,,,,,,,,,,,
0,,5709,,,,,,,,1.0803627967834473,,,,,,,,,,,
0,,5719,,,,,,,,0.99072265625,,,,,,,,,,,
0,,5729,,,,,,,,0.5760760307312012,,,,,,,,,,,
0,,5739,,,,,,,,0.43841978907585144,,,,,,,,,,,
0,,5749,,,,,,,,1.0041981935501099,,,,,,,,,,,
0,,5759,,,,,,,,1.0996315479278564,,,,,,,,,,,
0,,5769,,,,,,,,0.8925183415412903,,,,,,,,,,,
0,,5779,,,,,,,,0.5739604234695435,,,,,,,,,,,
0,,5789,,,,,,,,0.6047850847244263,,,,,,,,,,,
0,,5799,,,,,,,,0.9542434215545654,,,,,,,,,,,
0,,5809,,,,,,,,0.7064173221588135,,,,,,,,,,,
0,,5819,,,,,,,,0.4335699677467346,,,,,,,,,,,
0,,5829,,,,,,,,0.6302350163459778,,,,,,,,,,,
0,,5839,,,,,,,,0.9210920333862305,,,,,,,,,,,
0,,5849,,,,,,,,1.2930865287780762,,,,,,,,,,,
0,,5859,,,,,,,,0.966618001461029,,,,,,,,,,,
0,,5869,,,,,,,,0.40473672747612,,,,,,,,,,,
0,,5879,,,,,,,,0.7090490460395813,,,,,,,,,,,
0,,5889,,,,,,,,0.5574462413787842,,,,,,,,,,,
0,,5899,,,,,,,,0.8550176024436951,,,,,,,,,,,
0,,5909,,,,,,,,0.46637338399887085,,,,,,,,,,,
0,,5919,,,,,,,,0.6382415294647217,,,,,,,,,,,
0,,5929,,,,,,,,0.3383373022079468,,,,,,,,,,,
0,,5939,,,,,,,,0.842365026473999,,,,,,,,,,,
0,,5949,,,,,,,,0.6169028282165527,,,,,,,,,,,
0,,5959,,,,,,,,0.5222203135490417,,,,,,,,,,,
0,,5969,,,,,,,,0.42005932331085205,,,,,,,,,,,
0,,5979,,,,,,,,0.2843185365200043,,,,,,,,,,,
0,,5989,,,,,,,,0.4829176366329193,,,,,,,,,,,
0,,5999,,,,,,,,0.7600520849227905,,,,,,,,,,,
0,,6009,,,,,,,,1.2759816646575928,,,,,,,,,,,
0,,6019,,,,,,,,0.9056492447853088,,,,,,,,,,,
0,,6029,,,,,,,,0.9570221900939941,,,,,,,,,,,
0,,6039,,,,,,,,0.7087835073471069,,,,,,,,,,,
0,,6049,,,,,,,,0.4215296506881714,,,,,,,,,,,
0,,6059,,,,,,,,0.2929944097995758,,,,,,,,,,,
0,,6069,,,,,,,,0.7018634080886841,,,,,,,,,,,
0,,6079,,,,,,,,0.3933106064796448,,,,,,,,,,,
0,,6089,,,,,,,,0.41919729113578796,,,,,,,,,,,
0,,6099,,,,,,,,0.3760930597782135,,,,,,,,,,,
0,,6109,,,,,,,,1.100043773651123,,,,,,,,,,,
0,,6119,,,,,,,,0.1875782310962677,,,,,,,,,,,
0,,6129,,,,,,,,0.5498837232589722,,,,,,,,,,,
0,,6139,,,,,,,,0.3395349383354187,,,,,,,,,,,
0,,6149,,,,,,,,1.0682106018066406,,,,,,,,,,,
0,,6159,,,,,,,,0.7202236652374268,,,,,,,,,,,
0,,6169,,,,,,,,0.5113512277603149,,,,,,,,,,,
0,,6179,,,,,,,,0.8878586292266846,,,,,,,,,,,
0,,6189,,,,,,,,0.5554545521736145,,,,,,,,,,,
0,,6199,,,,,,,,0.4321187734603882,,,,,,,,,,,
0,,6209,,,,,,,,0.42223048210144043,,,,,,,,,,,
0,,6219,,,,,,,,0.4828859567642212,,,,,,,,,,,
0,,6229,,,,,,,,0.8660811185836792,,,,,,,,,,,
0,,6239,,,,,,,,0.9719508290290833,,,,,,,,,,,
0,,6249,,,,,,,,1.014660120010376,,,,,,,,,,,
0,,6259,,,,,,,,0.7006680369377136,,,,,,,,,,,
0,,6269,,,,,,,,0.44395095109939575,,,,,,,,,,,
0,,6279,,,,,,,,0.5486798286437988,,,,,,,,,,,
0,,6289,,,,,,,,0.5779085159301758,,,,,,,,,,,
0,,6299,,,,,,,,0.267261266708374,,,,,,,,,,,
0,,6309,,,,,,,,0.48093992471694946,,,,,,,,,,,
0,,6319,,,,,,,,0.7603440284729004,,,,,,,,,,,
0,,6329,,,,,,,,0.9693692326545715,,,,,,,,,,,
0,,6339,,,,,,,,0.9244486093521118,,,,,,,,,,,
0,,6349,,,,,,,,0.8574292659759521,,,,,,,,,,,
0,,6359,,,,,,,,0.4761715829372406,,,,,,,,,,,
0,,6369,,,,,,,,0.43539103865623474,,,,,,,,,,,
0,,6379,,,,,,,,0.23246712982654572,,,,,,,,,,,
0,,6389,,,,,,,,0.5938001275062561,,,,,,,,,,,
0,,6399,,,,,,,,0.7934457063674927,,,,,,,,,,,
0,,6409,,,,,,,,0.2578807771205902,,,,,,,,,,,
0,,6419,,,,,,,,0.6449663639068604,,,,,,,,,,,
0,,6429,,,,,,,,0.8566716909408569,,,,,,,,,,,
0,,6439,,,,,,,,0.7856534719467163,,,,,,,,,,,
0,,6449,,,,,,,,0.47452208399772644,,,,,,,,,,,
0,,6459,,,,,,,,0.9388653039932251,,,,,,,,,,,
0,,6469,,,,,,,,0.8796189427375793,,,,,,,,,,,
0,,6479,,,,,,,,0.6251968145370483,,,,,,,,,,,
0,,6489,,,,,,,,0.4124736189842224,,,,,,,,,,,
0,,6499,,,,,,,,1.096651554107666,,,,,,,,,,,
0,,6509,,,,,,,,0.9364820122718811,,,,,,,,,,,
0,,6519,,,,,,,,0.27988529205322266,,,,,,,,,,,
0,,6529,,,,,,,,0.945410430431366,,,,,,,,,,,
0,,6539,,,,,,,,0.3775289058685303,,,,,,,,,,,
0,,6549,,,,,,,,0.4691871404647827,,,,,,,,,,,
0,,6559,,,,,,,,0.6478270888328552,,,,,,,,,,,
0,,6569,,,,,,,,0.5871064066886902,,,,,,,,,,,
0,,6579,,,,,,,,0.895906925201416,,,,,,,,,,,
0,,6589,,,,,,,,0.6801646947860718,,,,,,,,,,,
0,,6599,,,,,,,,0.6965217590332031,,,,,,,,,,,
0,,6609,,,,,,,,0.4625430405139923,,,,,,,,,,,
0,,6619,,,,,,,,0.9511098861694336,,,,,,,,,,,
0,,6629,,,,,,,,0.7660133838653564,,,,,,,,,,,
0,,6639,,,,,,,,0.9100127220153809,,,,,,,,,,,
0,,6649,,,,,,,,0.20337091386318207,,,,,,,,,,,
0,,6659,,,,,,,,0.5356272459030151,,,,,,,,,,,
0,,6669,,,,,,,,0.8406771421432495,,,,,,,,,,,
0,,6679,,,,,,,,1.021227478981018,,,,,,,,,,,
0,,6689,,,,,,,,0.5735672116279602,,,,,,,,,,,
0,,6699,,,,,,,,0.4213378131389618,,,,,,,,,,,
0,,6709,,,,,,,,0.6112728118896484,,,,,,,,,,,
0,,6719,,,,,,,,0.7369489669799805,,,,,,,,,,,
0,,6729,,,,,,,,0.9095796346664429,,,,,,,,,,,
0,,6739,,,,,,,,0.41466841101646423,,,,,,,,,,,
0,,6749,,,,,,,,1.602567434310913,,,,,,,,,,,
0,,6759,,,,,,,,0.5011408925056458,,,,,,,,,,,
0,,6769,,,,,,,,0.7330451011657715,,,,,,,,,,,
0,,6779,,,,,,,,0.3141366243362427,,,,,,,,,,,
0,,6789,,,,,,,,0.6295710206031799,,,,,,,,,,,
0,,6799,,,,,,,,0.3954007625579834,,,,,,,,,,,
0,,6809,,,,,,,,0.6658161282539368,,,,,,,,,,,
0,,6819,,,,,,,,0.9307898283004761,,,,,,,,,,,
0,,6829,,,,,,,,0.31268706917762756,,,,,,,,,,,
0,,6839,,,,,,,,1.5298795700073242,,,,,,,,,,,
0,,6849,,,,,,,,0.3408156633377075,,,,,,,,,,,
0,,6859,,,,,,,,0.3653321862220764,,,,,,,,,,,
0,,6869,,,,,,,,0.8324629664421082,,,,,,,,,,,
0,,6879,,,,,,,,0.49317285418510437,,,,,,,,,,,
0,,6889,,,,,,,,0.4360244870185852,,,,,,,,,,,
0,,6899,,,,,,,,0.4558303654193878,,,,,,,,,,,
0,,6909,,,,,,,,0.646808385848999,,,,,,,,,,,
0,,6919,,,,,,,,0.4359082281589508,,,,,,,,,,,
0,,6929,,,,,,,,0.8277201652526855,,,,,,,,,,,
0,,6939,,,,,,,,0.3535066843032837,,,,,,,,,,,
0,,6949,,,,,,,,0.204465851187706,,,,,,,,,,,
0,,6959,,,,,,,,0.6245265007019043,,,,,,,,,,,
0,,6969,,,,,,,,0.5484294891357422,,,,,,,,,,,
0,,6979,,,,,,,,0.2901257276535034,,,,,,,,,,,
0,,6989,,,,,,,,0.9691711664199829,,,,,,,,,,,
0,,6999,,,,,,,,0.4719940423965454,,,,,,,,,,,
0,,7009,,,,,,,,0.9369367957115173,,,,,,,,,,,
0,,7019,,,,,,,,0.21526014804840088,,,,,,,,,,,
0,,7029,,,,,,,,0.5593395233154297,,,,,,,,,,,
0,,7039,,,,,,,,0.5045008659362793,,,,,,,,,,,
0,,7049,,,,,,,,0.6114101409912109,,,,,,,,,,,
0,,7054,,,,,,,,,,,,,,0.7922860980033875,0.6879138946533203,0.7922860980033875,0.4964625835418701,0.20269644260406494,0.46258294582366943
0,,7054,,,,,,,0.7741662859916687,,0.6795181035995483,0.7741662859916687,0.4750257134437561,0.22104930877685547,0.4469550549983978,,,,,,
,0.0001,7055,,,,,,,,,,,,,,,,,,,
1,,7059,,,,,,,,0.7645070552825928,,,,,,,,,,,
1,,7069,,,,,,,,0.6214988231658936,,,,,,,,,,,
1,,7079,,,,,,,,0.4800712764263153,,,,,,,,,,,
1,,7089,,,,,,,,0.6766334772109985,,,,,,,,,,,
1,,7099,,,,,,,,0.8333861827850342,,,,,,,,,,,
1,,7109,,,,,,,,0.6721526384353638,,,,,,,,,,,
1,,7119,,,,,,,,1.0050430297851562,,,,,,,,,,,
1,,7129,,,,,,,,0.5265665054321289,,,,,,,,,,,
1,,7139,,,,,,,,0.4715825915336609,,,,,,,,,,,
1,,7149,,,,,,,,0.9010770916938782,,,,,,,,,,,
1,,7159,,,,,,,,1.194478988647461,,,,,,,,,,,
1,,7169,,,,,,,,0.6999333500862122,,,,,,,,,,,
1,,7179,,,,,,,,0.3958365321159363,,,,,,,,,,,
1,,7189,,,,,,,,0.3615773916244507,,,,,,,,,,,
1,,7199,,,,,,,,0.7538964748382568,,,,,,,,,,,
1,,7209,,,,,,,,1.1011650562286377,,,,,,,,,,,
1,,7219,,,,,,,,0.7147631645202637,,,,,,,,,,,
1,,7229,,,,,,,,0.862224817276001,,,,,,,,,,,
1,,7239,,,,,,,,0.3368431627750397,,,,,,,,,,,
1,,7249,,,,,,,,0.47113025188446045,,,,,,,,,,,
1,,7259,,,,,,,,0.47132235765457153,,,,,,,,,,,
1,,7269,,,,,,,,0.30190014839172363,,,,,,,,,,,
1,,7279,,,,,,,,0.4815636873245239,,,,,,,,,,,
1,,7289,,,,,,,,0.8576289415359497,,,,,,,,,,,
1,,7299,,,,,,,,0.5607947707176208,,,,,,,,,,,
1,,7309,,,,,,,,1.7106343507766724,,,,,,,,,,,
1,,7319,,,,,,,,0.4602210521697998,,,,,,,,,,,
1,,7329,,,,,,,,0.6786338090896606,,,,,,,,,,,
1,,7339,,,,,,,,0.3719218373298645,,,,,,,,,,,
1,,7349,,,,,,,,0.6101536154747009,,,,,,,,,,,
1,,7359,,,,,,,,0.39951494336128235,,,,,,,,,,,
1,,7369,,,,,,,,0.49351829290390015,,,,,,,,,,,
1,,7379,,,,,,,,0.36559754610061646,,,,,,,,,,,
1,,7389,,,,,,,,0.23602959513664246,,,,,,,,,,,
1,,7399,,,,,,,,0.8455613851547241,,,,,,,,,,,
1,,7409,,,,,,,,0.8367560505867004,,,,,,,,,,,
1,,7419,,,,,,,,0.20093533396720886,,,,,,,,,,,
1,,7429,,,,,,,,0.6499210596084595,,,,,,,,,,,
1,,7439,,,,,,,,0.862376868724823,,,,,,,,,,,
1,,7449,,,,,,,,0.35019639134407043,,,,,,,,,,,
1,,7459,,,,,,,,0.44442102313041687,,,,,,,,,,,
1,,7469,,,,,,,,0.6750193238258362,,,,,,,,,,,
1,,7479,,,,,,,,0.5919671654701233,,,,,,,,,,,
1,,7489,,,,,,,,0.8960928916931152,,,,,,,,,,,
1,,7499,,,,,,,,0.6898809671401978,,,,,,,,,,,
1,,7509,,,,,,,,0.6653708219528198,,,,,,,,,,,
1,,7519,,,,,,,,0.6593599915504456,,,,,,,,,,,
1,,7529,,,,,,,,0.3359910845756531,,,,,,,,,,,
1,,7539,,,,,,,,0.6001629829406738,,,,,,,,,,,
1,,7549,,,,,,,,0.470025897026062,,,,,,,,,,,
1,,7559,,,,,,,,0.420512855052948,,,,,,,,,,,
1,,7569,,,,,,,,0.6991068124771118,,,,,,,,,,,
1,,7579,,,,,,,,0.7252404689788818,,,,,,,,,,,
1,,7589,,,,,,,,0.2994734048843384,,,,,,,,,,,
1,,7599,,,,,,,,0.31953364610671997,,,,,,,,,,,
1,,7609,,,,,,,,0.6250698566436768,,,,,,,,,,,
1,,7619,,,,,,,,0.7741711139678955,,,,,,,,,,,
1,,7629,,,,,,,,0.7486327886581421,,,,,,,,,,,
1,,7639,,,,,,,,0.4754135310649872,,,,,,,,,,,
1,,7649,,,,,,,,0.5549025535583496,,,,,,,,,,,
1,,7659,,,,,,,,0.4703097939491272,,,,,,,,,,,
1,,7669,,,,,,,,0.40841367840766907,,,,,,,,,,,
1,,7679,,,,,,,,0.8023394346237183,,,,,,,,,,,
1,,7689,,,,,,,,0.5583577156066895,,,,,,,,,,,
1,,7699,,,,,,,,0.3121533989906311,,,,,,,,,,,
1,,7709,,,,,,,,0.6507507562637329,,,,,,,,,,,
1,,7719,,,,,,,,0.9800706505775452,,,,,,,,,,,
1,,7729,,,,,,,,0.31063157320022583,,,,,,,,,,,
1,,7739,,,,,,,,0.37445104122161865,,,,,,,,,,,
1,,7749,,,,,,,,0.6303949356079102,,,,,,,,,,,
1,,7759,,,,,,,,0.44998276233673096,,,,,,,,,,,
1,,7769,,,,,,,,0.5373662710189819,,,,,,,,,,,
1,,7779,,,,,,,,1.0790677070617676,,,,,,,,,,,
1,,7789,,,,,,,,0.2718694806098938,,,,,,,,,,,
1,,7799,,,,,,,,0.4345225691795349,,,,,,,,,,,
1,,7809,,,,,,,,0.7219222784042358,,,,,,,,,,,
1,,7819,,,,,,,,1.1891777515411377,,,,,,,,,,,
1,,7829,,,,,,,,1.01967191696167,,,,,,,,,,,
1,,7839,,,,,,,,0.5503058433532715,,,,,,,,,,,
1,,7849,,,,,,,,0.6974992752075195,,,,,,,,,,,
1,,7859,,,,,,,,0.5320955514907837,,,,,,,,,,,
1,,7869,,,,,,,,0.6837400197982788,,,,,,,,,,,
1,,7879,,,,,,,,0.5144506692886353,,,,,,,,,,,
1,,7889,,,,,,,,0.5521386861801147,,,,,,,,,,,
1,,7899,,,,,,,,0.4911368787288666,,,,,,,,,,,
1,,7909,,,,,,,,0.7275179624557495,,,,,,,,,,,
1,,7919,,,,,,,,0.6399631500244141,,,,,,,,,,,
1,,7929,,,,,,,,0.3436671197414398,,,,,,,,,,,
1,,7939,,,,,,,,0.4161834418773651,,,,,,,,,,,
1,,7949,,,,,,,,0.5254448652267456,,,,,,,,,,,
1,,7959,,,,,,,,1.0181795358657837,,,,,,,,,,,
1,,7969,,,,,,,,0.6508016586303711,,,,,,,,,,,
1,,7979,,,,,,,,0.4408675730228424,,,,,,,,,,,
1,,7989,,,,,,,,0.594059944152832,,,,,,,,,,,
1,,7999,,,,,,,,0.9294465184211731,,,,,,,,,,,
1,,8009,,,,,,,,0.5131130218505859,,,,,,,,,,,
1,,8019,,,,,,,,0.7839580774307251,,,,,,,,,,,
1,,8029,,,,,,,,0.8172262907028198,,,,,,,,,,,
1,,8039,,,,,,,,0.3240078389644623,,,,,,,,,,,
1,,8049,,,,,,,,0.5688707828521729,,,,,,,,,,,
1,,8059,,,,,,,,1.0109734535217285,,,,,,,,,,,
1,,8069,,,,,,,,0.38200050592422485,,,,,,,,,,,
1,,8079,,,,,,,,0.3283465504646301,,,,,,,,,,,
1,,8089,,,,,,,,0.7093570828437805,,,,,,,,,,,
1,,8099,,,,,,,,0.7446222305297852,,,,,,,,,,,
1,,8109,,,,,,,,0.5229865312576294,,,,,,,,,,,
1,,8119,,,,,,,,0.7231405973434448,,,,,,,,,,,
1,,8129,,,,,,,,0.4275740087032318,,,,,,,,,,,
1,,8139,,,,,,,,0.2848304510116577,,,,,,,,,,,
1,,8149,,,,,,,,0.4676941931247711,,,,,,,,,,,
1,,8159,,,,,,,,0.6775137186050415,,,,,,,,,,,
1,,8169,,,,,,,,0.7230023145675659,,,,,,,,,,,
1,,8179,,,,,,,,0.7217336893081665,,,,,,,,,,,
1,,8189,,,,,,,,0.5243558883666992,,,,,,,,,,,
1,,8199,,,,,,,,0.43841660022735596,,,,,,,,,,,
1,,8209,,,,,,,,0.4928281903266907,,,,,,,,,,,
1,,8219,,,,,,,,0.8910082578659058,,,,,,,,,,,
1,,8229,,,,,,,,0.29941874742507935,,,,,,,,,,,
1,,8239,,,,,,,,0.4443362057209015,,,,,,,,,,,
1,,8249,,,,,,,,0.39401400089263916,,,,,,,,,,,
1,,8259,,,,,,,,0.7348500490188599,,,,,,,,,,,
1,,8269,,,,,,,,0.9127662777900696,,,,,,,,,,,
1,,8279,,,,,,,,0.7856177091598511,,,,,,,,,,,
1,,8289,,,,,,,,0.42939329147338867,,,,,,,,,,,
1,,8299,,,,,,,,0.6568020582199097,,,,,,,,,,,
1,,8309,,,,,,,,0.4599986672401428,,,,,,,,,,,
1,,8319,,,,,,,,0.40205562114715576,,,,,,,,,,,
1,,8329,,,,,,,,0.3558429181575775,,,,,,,,,,,
1,,8339,,,,,,,,0.8364882469177246,,,,,,,,,,,
1,,8349,,,,,,,,0.30437353253364563,,,,,,,,,,,
1,,8359,,,,,,,,1.571923017501831,,,,,,,,,,,
1,,8369,,,,,,,,0.5044832229614258,,,,,,,,,,,
1,,8379,,,,,,,,0.32577288150787354,,,,,,,,,,,
1,,8389,,,,,,,,1.0662442445755005,,,,,,,,,,,
1,,8399,,,,,,,,1.0899690389633179,,,,,,,,,,,
1,,8409,,,,,,,,0.5199585556983948,,,,,,,,,,,
1,,8419,,,,,,,,0.9466972351074219,,,,,,,,,,,
1,,8429,,,,,,,,0.3077195882797241,,,,,,,,,,,
1,,8439,,,,,,,,0.609005331993103,,,,,,,,,,,
1,,8449,,,,,,,,0.30093497037887573,,,,,,,,,,,
1,,8459,,,,,,,,0.5382496118545532,,,,,,,,,,,
1,,8465,,,,,,,,,,,,,,0.7422439455986023,0.6689371466636658,0.7422439455986023,0.5048209428787231,0.25305551290512085,0.46272027492523193
1,,8469,,,,,,,,1.1907492876052856,,,,,,,,,,,
1,,8479,,,,,,,,0.39869624376296997,,,,,,,,,,,
1,,8489,,,,,,,,0.24894645810127258,,,,,,,,,,,
1,,8499,,,,,,,,1.2993524074554443,,,,,,,,,,,
1,,8509,,,,,,,,0.6037272810935974,,,,,,,,,,,
1,,8519,,,,,,,,0.4806494116783142,,,,,,,,,,,
1,,8529,,,,,,,,0.6822142601013184,,,,,,,,,,,
1,,8539,,,,,,,,0.7374337315559387,,,,,,,,,,,
1,,8549,,,,,,,,0.46940478682518005,,,,,,,,,,,
1,,8559,,,,,,,,0.48311126232147217,,,,,,,,,,,
1,,8569,,,,,,,,0.24637539684772491,,,,,,,,,,,
1,,8579,,,,,,,,0.44807112216949463,,,,,,,,,,,
1,,8589,,,,,,,,0.7986599206924438,,,,,,,,,,,
1,,8599,,,,,,,,0.7951571941375732,,,,,,,,,,,
1,,8609,,,,,,,,0.3804490566253662,,,,,,,,,,,
1,,8619,,,,,,,,0.6498889327049255,,,,,,,,,,,
1,,8629,,,,,,,,0.8943185806274414,,,,,,,,,,,
1,,8639,,,,,,,,0.600295901298523,,,,,,,,,,,
1,,8649,,,,,,,,0.42703521251678467,,,,,,,,,,,
1,,8659,,,,,,,,0.7472268342971802,,,,,,,,,,,
1,,8669,,,,,,,,0.3698367774486542,,,,,,,,,,,
1,,8679,,,,,,,,0.46314799785614014,,,,,,,,,,,
1,,8689,,,,,,,,1.478442907333374,,,,,,,,,,,
1,,8699,,,,,,,,0.7020424604415894,,,,,,,,,,,
1,,8709,,,,,,,,0.3854147493839264,,,,,,,,,,,
1,,8719,,,,,,,,0.4465831518173218,,,,,,,,,,,
1,,8729,,,,,,,,0.388003408908844,,,,,,,,,,,
1,,8739,,,,,,,,0.7417796850204468,,,,,,,,,,,
1,,8749,,,,,,,,0.19842885434627533,,,,,,,,,,,
1,,8759,,,,,,,,0.9171134233474731,,,,,,,,,,,
1,,8769,,,,,,,,0.34018146991729736,,,,,,,,,,,
1,,8779,,,,,,,,0.5176490545272827,,,,,,,,,,,
1,,8789,,,,,,,,0.6162780523300171,,,,,,,,,,,
1,,8799,,,,,,,,0.7777159214019775,,,,,,,,,,,
1,,8809,,,,,,,,1.034354329109192,,,,,,,,,,,
1,,8819,,,,,,,,0.727900505065918,,,,,,,,,,,
1,,8829,,,,,,,,0.4910743832588196,,,,,,,,,,,
1,,8839,,,,,,,,0.7248247861862183,,,,,,,,,,,
1,,8849,,,,,,,,0.5378381609916687,,,,,,,,,,,
1,,8859,,,,,,,,0.7580286860466003,,,,,,,,,,,
1,,8869,,,,,,,,0.5921493172645569,,,,,,,,,,,
1,,8879,,,,,,,,0.3504273295402527,,,,,,,,,,,
1,,8889,,,,,,,,0.7921283841133118,,,,,,,,,,,
1,,8899,,,,,,,,0.4558437466621399,,,,,,,,,,,
1,,8909,,,,,,,,0.6719406843185425,,,,,,,,,,,
1,,8919,,,,,,,,0.785576343536377,,,,,,,,,,,
1,,8929,,,,,,,,0.5804760456085205,,,,,,,,,,,
1,,8939,,,,,,,,0.6286640167236328,,,,,,,,,,,
1,,8949,,,,,,,,0.5139845013618469,,,,,,,,,,,
1,,8959,,,,,,,,0.8881348371505737,,,,,,,,,,,
1,,8969,,,,,,,,0.8943213224411011,,,,,,,,,,,
1,,8979,,,,,,,,0.8110936284065247,,,,,,,,,,,
1,,8989,,,,,,,,0.45536965131759644,,,,,,,,,,,
1,,8999,,,,,,,,0.8943613171577454,,,,,,,,,,,
1,,9009,,,,,,,,1.0503339767456055,,,,,,,,,,,
1,,9019,,,,,,,,0.7704127430915833,,,,,,,,,,,
1,,9029,,,,,,,,0.5021787881851196,,,,,,,,,,,
1,,9039,,,,,,,,1.146159052848816,,,,,,,,,,,
1,,9049,,,,,,,,0.33551788330078125,,,,,,,,,,,
1,,9059,,,,,,,,0.8676922917366028,,,,,,,,,,,
1,,9069,,,,,,,,0.51446932554245,,,,,,,,,,,
1,,9079,,,,,,,,0.286153644323349,,,,,,,,,,,
1,,9089,,,,,,,,0.6215121746063232,,,,,,,,,,,
1,,9099,,,,,,,,0.5281306505203247,,,,,,,,,,,
1,,9109,,,,,,,,0.3448140025138855,,,,,,,,,,,
1,,9119,,,,,,,,0.4130675196647644,,,,,,,,,,,
1,,9129,,,,,,,,0.34373223781585693,,,,,,,,,,,
1,,9139,,,,,,,,0.3727128207683563,,,,,,,,,,,
1,,9149,,,,,,,,0.5494088530540466,,,,,,,,,,,
1,,9159,,,,,,,,0.3962308168411255,,,,,,,,,,,
1,,9169,,,,,,,,1.0503754615783691,,,,,,,,,,,
1,,9179,,,,,,,,0.6494350433349609,,,,,,,,,,,
1,,9189,,,,,,,,0.46250098943710327,,,,,,,,,,,
1,,9199,,,,,,,,1.2951565980911255,,,,,,,,,,,
1,,9209,,,,,,,,0.2219327688217163,,,,,,,,,,,
1,,9219,,,,,,,,0.8236895799636841,,,,,,,,,,,
1,,9229,,,,,,,,0.9091193079948425,,,,,,,,,,,
1,,9239,,,,,,,,0.6618874073028564,,,,,,,,,,,
1,,9249,,,,,,,,0.7212777733802795,,,,,,,,,,,
1,,9259,,,,,,,,0.446846067905426,,,,,,,,,,,
1,,9269,,,,,,,,0.6176707148551941,,,,,,,,,,,
1,,9279,,,,,,,,0.23976968228816986,,,,,,,,,,,
1,,9289,,,,,,,,0.38930827379226685,,,,,,,,,,,
1,,9299,,,,,,,,0.29473885893821716,,,,,,,,,,,
1,,9309,,,,,,,,0.40250712633132935,,,,,,,,,,,
1,,9319,,,,,,,,0.3452310264110565,,,,,,,,,,,
1,,9329,,,,,,,,0.3233662247657776,,,,,,,,,,,
1,,9339,,,,,,,,0.8346942663192749,,,,,,,,,,,
1,,9349,,,,,,,,0.18886299431324005,,,,,,,,,,,
1,,9359,,,,,,,,0.557645320892334,,,,,,,,,,,
1,,9369,,,,,,,,0.36001020669937134,,,,,,,,,,,
1,,9379,,,,,,,,1.007580041885376,,,,,,,,,,,
1,,9389,,,,,,,,0.31978219747543335,,,,,,,,,,,
1,,9399,,,,,,,,0.6845961213111877,,,,,,,,,,,
1,,9409,,,,,,,,0.6495900750160217,,,,,,,,,,,
1,,9419,,,,,,,,1.1789097785949707,,,,,,,,,,,
1,,9429,,,,,,,,0.5843997597694397,,,,,,,,,,,
1,,9439,,,,,,,,0.7286102175712585,,,,,,,,,,,
1,,9449,,,,,,,,1.3120768070220947,,,,,,,,,,,
1,,9459,,,,,,,,0.2524648904800415,,,,,,,,,,,
1,,9469,,,,,,,,0.5463444590568542,,,,,,,,,,,
1,,9479,,,,,,,,1.0209400653839111,,,,,,,,,,,
1,,9489,,,,,,,,0.6600697636604309,,,,,,,,,,,
1,,9499,,,,,,,,0.5550100803375244,,,,,,,,,,,
1,,9509,,,,,,,,0.6592296957969666,,,,,,,,,,,
1,,9519,,,,,,,,0.985346794128418,,,,,,,,,,,
1,,9529,,,,,,,,0.5659001469612122,,,,,,,,,,,
1,,9539,,,,,,,,0.5413615703582764,,,,,,,,,,,
1,,9549,,,,,,,,1.0400054454803467,,,,,,,,,,,
1,,9559,,,,,,,,0.8542910814285278,,,,,,,,,,,
1,,9569,,,,,,,,0.242182195186615,,,,,,,,,,,
1,,9579,,,,,,,,0.40063339471817017,,,,,,,,,,,
1,,9589,,,,,,,,0.4633466899394989,,,,,,,,,,,
1,,9599,,,,,,,,0.5752490758895874,,,,,,,,,,,
1,,9609,,,,,,,,0.2795291543006897,,,,,,,,,,,
1,,9619,,,,,,,,1.123235821723938,,,,,,,,,,,
1,,9629,,,,,,,,0.6744675040245056,,,,,,,,,,,
1,,9639,,,,,,,,0.49917343258857727,,,,,,,,,,,
1,,9649,,,,,,,,0.8881772756576538,,,,,,,,,,,
1,,9659,,,,,,,,0.6405857801437378,,,,,,,,,,,
1,,9669,,,,,,,,0.8889597058296204,,,,,,,,,,,
1,,9679,,,,,,,,0.4756447672843933,,,,,,,,,,,
1,,9689,,,,,,,,0.8512623310089111,,,,,,,,,,,
1,,9699,,,,,,,,0.21601445972919464,,,,,,,,,,,
1,,9709,,,,,,,,0.7531161904335022,,,,,,,,,,,
1,,9719,,,,,,,,0.6556726694107056,,,,,,,,,,,
1,,9729,,,,,,,,0.3617108464241028,,,,,,,,,,,
1,,9739,,,,,,,,0.7820905447006226,,,,,,,,,,,
1,,9749,,,,,,,,0.37280476093292236,,,,,,,,,,,
1,,9759,,,,,,,,0.49928414821624756,,,,,,,,,,,
1,,9769,,,,,,,,0.5569318532943726,,,,,,,,,,,
1,,9779,,,,,,,,0.511359453201294,,,,,,,,,,,
1,,9789,,,,,,,,0.7297110557556152,,,,,,,,,,,
1,,9799,,,,,,,,0.4323366582393646,,,,,,,,,,,
1,,9809,,,,,,,,0.8000288009643555,,,,,,,,,,,
1,,9819,,,,,,,,0.2576146125793457,,,,,,,,,,,
1,,9829,,,,,,,,0.818751335144043,,,,,,,,,,,
1,,9839,,,,,,,,0.1403820812702179,,,,,,,,,,,
1,,9849,,,,,,,,0.3254161477088928,,,,,,,,,,,
1,,9859,,,,,,,,0.33859577775001526,,,,,,,,,,,
1,,9869,,,,,,,,0.5801774263381958,,,,,,,,,,,
1,,9876,,,,,,,,,,,,,,0.7517186999320984,0.6738429069519043,0.7517186999320984,0.49566414952278137,0.2435207962989807,0.45781344175338745
1,,9879,,,,,,,,0.297690749168396,,,,,,,,,,,
1,,9889,,,,,,,,0.5942687392234802,,,,,,,,,,,
1,,9899,,,,,,,,0.7885359525680542,,,,,,,,,,,
1,,9909,,,,,,,,0.34812942147254944,,,,,,,,,,,
1,,9919,,,,,,,,0.4712328612804413,,,,,,,,,,,
1,,9929,,,,,,,,0.5900123119354248,,,,,,,,,,,
1,,9939,,,,,,,,0.931244969367981,,,,,,,,,,,
1,,9949,,,,,,,,1.1076120138168335,,,,,,,,,,,
1,,9959,,,,,,,,0.786891758441925,,,,,,,,,,,
1,,9969,,,,,,,,0.5591937899589539,,,,,,,,,,,
1,,9979,,,,,,,,0.41885316371917725,,,,,,,,,,,
1,,9989,,,,,,,,0.6181724071502686,,,,,,,,,,,
1,,9999,,,,,,,,0.6369157433509827,,,,,,,,,,,
1,,10009,,,,,,,,0.442940354347229,,,,,,,,,,,
1,,10019,,,,,,,,0.6546059846878052,,,,,,,,,,,
1,,10029,,,,,,,,0.6222445964813232,,,,,,,,,,,
1,,10039,,,,,,,,0.679606020450592,,,,,,,,,,,
1,,10049,,,,,,,,0.30606067180633545,,,,,,,,,,,
1,,10059,,,,,,,,0.5382486581802368,,,,,,,,,,,
1,,10069,,,,,,,,0.6914690732955933,,,,,,,,,,,
1,,10079,,,,,,,,0.639118492603302,,,,,,,,,,,
1,,10089,,,,,,,,0.4048613905906677,,,,,,,,,,,
1,,10099,,,,,,,,0.6869743466377258,,,,,,,,,,,
1,,10109,,,,,,,,0.29628074169158936,,,,,,,,,,,
1,,10119,,,,,,,,0.7908490300178528,,,,,,,,,,,
1,,10129,,,,,,,,0.5223103761672974,,,,,,,,,,,
1,,10139,,,,,,,,0.5064587593078613,,,,,,,,,,,
1,,10149,,,,,,,,0.5782759189605713,,,,,,,,,,,
1,,10159,,,,,,,,0.4831712245941162,,,,,,,,,,,
1,,10169,,,,,,,,0.39589837193489075,,,,,,,,,,,
1,,10179,,,,,,,,0.6940303444862366,,,,,,,,,,,
1,,10189,,,,,,,,0.6144131422042847,,,,,,,,,,,
1,,10199,,,,,,,,1.0613038539886475,,,,,,,,,,,
1,,10209,,,,,,,,0.5934393405914307,,,,,,,,,,,
1,,10219,,,,,,,,1.0500462055206299,,,,,,,,,,,
1,,10229,,,,,,,,0.4204660952091217,,,,,,,,,,,
1,,10239,,,,,,,,0.3489926755428314,,,,,,,,,,,
1,,10249,,,,,,,,0.44415485858917236,,,,,,,,,,,
1,,10259,,,,,,,,0.6207443475723267,,,,,,,,,,,
1,,10269,,,,,,,,0.8046300411224365,,,,,,,,,,,
1,,10279,,,,,,,,0.9094192981719971,,,,,,,,,,,
1,,10289,,,,,,,,0.2780784070491791,,,,,,,,,,,
1,,10299,,,,,,,,0.1950760930776596,,,,,,,,,,,
1,,10309,,,,,,,,0.5669913291931152,,,,,,,,,,,
1,,10319,,,,,,,,0.9718497395515442,,,,,,,,,,,
1,,10329,,,,,,,,0.3904096484184265,,,,,,,,,,,
1,,10339,,,,,,,,0.5552246570587158,,,,,,,,,,,
1,,10349,,,,,,,,0.23465844988822937,,,,,,,,,,,
1,,10359,,,,,,,,0.27895915508270264,,,,,,,,,,,
1,,10369,,,,,,,,0.5586738586425781,,,,,,,,,,,
1,,10379,,,,,,,,0.5358438491821289,,,,,,,,,,,
1,,10389,,,,,,,,0.49379032850265503,,,,,,,,,,,
1,,10399,,,,,,,,0.3074795603752136,,,,,,,,,,,
1,,10409,,,,,,,,0.4702317416667938,,,,,,,,,,,
1,,10419,,,,,,,,0.7122734785079956,,,,,,,,,,,
1,,10429,,,,,,,,1.1779975891113281,,,,,,,,,,,
1,,10439,,,,,,,,0.3003306984901428,,,,,,,,,,,
1,,10449,,,,,,,,0.5454118251800537,,,,,,,,,,,
1,,10459,,,,,,,,0.5126383304595947,,,,,,,,,,,
1,,10469,,,,,,,,0.8450605273246765,,,,,,,,,,,
1,,10479,,,,,,,,0.5859823822975159,,,,,,,,,,,
1,,10489,,,,,,,,0.9807567596435547,,,,,,,,,,,
1,,10499,,,,,,,,0.29279518127441406,,,,,,,,,,,
1,,10509,,,,,,,,0.39187219738960266,,,,,,,,,,,
1,,10519,,,,,,,,0.5068978667259216,,,,,,,,,,,
1,,10529,,,,,,,,0.9252912998199463,,,,,,,,,,,
1,,10539,,,,,,,,0.6835149526596069,,,,,,,,,,,
1,,10549,,,,,,,,0.6793164014816284,,,,,,,,,,,
1,,10559,,,,,,,,0.7548828125,,,,,,,,,,,
1,,10569,,,,,,,,0.4809775948524475,,,,,,,,,,,
1,,10579,,,,,,,,1.4345276355743408,,,,,,,,,,,
1,,10589,,,,,,,,0.43975138664245605,,,,,,,,,,,
1,,10599,,,,,,,,0.47258323431015015,,,,,,,,,,,
1,,10609,,,,,,,,0.37428638339042664,,,,,,,,,,,
1,,10619,,,,,,,,0.6012845039367676,,,,,,,,,,,
1,,10629,,,,,,,,0.8606624603271484,,,,,,,,,,,
1,,10639,,,,,,,,0.987401008605957,,,,,,,,,,,
1,,10649,,,,,,,,0.42984241247177124,,,,,,,,,,,
1,,10659,,,,,,,,0.6715368628501892,,,,,,,,,,,
1,,10669,,,,,,,,0.3999040126800537,,,,,,,,,,,
1,,10679,,,,,,,,1.0021902322769165,,,,,,,,,,,
1,,10689,,,,,,,,0.7041056752204895,,,,,,,,,,,
1,,10699,,,,,,,,0.36203449964523315,,,,,,,,,,,
1,,10709,,,,,,,,0.8103086948394775,,,,,,,,,,,
1,,10719,,,,,,,,0.4927252233028412,,,,,,,,,,,
1,,10729,,,,,,,,0.26723334193229675,,,,,,,,,,,
1,,10739,,,,,,,,0.5417672395706177,,,,,,,,,,,
1,,10749,,,,,,,,0.5525268316268921,,,,,,,,,,,
1,,10759,,,,,,,,0.5101287961006165,,,,,,,,,,,
1,,10769,,,,,,,,0.3536621630191803,,,,,,,,,,,
1,,10779,,,,,,,,0.26311370730400085,,,,,,,,,,,
1,,10789,,,,,,,,0.4584362804889679,,,,,,,,,,,
1,,10799,,,,,,,,0.248285710811615,,,,,,,,,,,
1,,10809,,,,,,,,0.42780035734176636,,,,,,,,,,,
1,,10819,,,,,,,,0.5049833655357361,,,,,,,,,,,
1,,10829,,,,,,,,0.6691261529922485,,,,,,,,,,,
1,,10839,,,,,,,,0.11343791335821152,,,,,,,,,,,
1,,10849,,,,,,,,0.6674737334251404,,,,,,,,,,,
1,,10859,,,,,,,,0.8526240587234497,,,,,,,,,,,
1,,10869,,,,,,,,0.6562283039093018,,,,,,,,,,,
1,,10879,,,,,,,,0.42582255601882935,,,,,,,,,,,
1,,10889,,,,,,,,0.9584015011787415,,,,,,,,,,,
1,,10899,,,,,,,,0.4105246961116791,,,,,,,,,,,
1,,10909,,,,,,,,0.42227107286453247,,,,,,,,,,,
1,,10919,,,,,,,,0.3739140033721924,,,,,,,,,,,
1,,10929,,,,,,,,0.5550695657730103,,,,,,,,,,,
1,,10939,,,,,,,,0.4419011175632477,,,,,,,,,,,
1,,10949,,,,,,,,0.7667956948280334,,,,,,,,,,,
1,,10959,,,,,,,,0.6039007902145386,,,,,,,,,,,
1,,10969,,,,,,,,0.5145100355148315,,,,,,,,,,,
1,,10979,,,,,,,,0.698613166809082,,,,,,,,,,,
1,,10989,,,,,,,,0.4805678129196167,,,,,,,,,,,
1,,10999,,,,,,,,0.7125014066696167,,,,,,,,,,,
1,,11009,,,,,,,,0.469988614320755,,,,,,,,,,,
1,,11019,,,,,,,,0.5823647975921631,,,,,,,,,,,
1,,11029,,,,,,,,0.43053439259529114,,,,,,,,,,,
1,,11039,,,,,,,,0.29561471939086914,,,,,,,,,,,
1,,11049,,,,,,,,0.7519363760948181,,,,,,,,,,,
1,,11059,,,,,,,,1.0798213481903076,,,,,,,,,,,
1,,11069,,,,,,,,0.5070497989654541,,,,,,,,,,,
1,,11079,,,,,,,,1.018607258796692,,,,,,,,,,,
1,,11089,,,,,,,,0.7863870859146118,,,,,,,,,,,
1,,11099,,,,,,,,0.21971189975738525,,,,,,,,,,,
1,,11109,,,,,,,,0.4610055387020111,,,,,,,,,,,
1,,11119,,,,,,,,0.3390390872955322,,,,,,,,,,,
1,,11129,,,,,,,,0.752303957939148,,,,,,,,,,,
1,,11139,,,,,,,,0.7333856821060181,,,,,,,,,,,
1,,11149,,,,,,,,0.8341524600982666,,,,,,,,,,,
1,,11159,,,,,,,,0.706318199634552,,,,,,,,,,,
1,,11169,,,,,,,,0.48604854941368103,,,,,,,,,,,
1,,11179,,,,,,,,0.3610263168811798,,,,,,,,,,,
1,,11189,,,,,,,,0.33698907494544983,,,,,,,,,,,
1,,11199,,,,,,,,0.2907271385192871,,,,,,,,,,,
1,,11209,,,,,,,,0.33795300126075745,,,,,,,,,,,
1,,11219,,,,,,,,0.38791173696517944,,,,,,,,,,,
1,,11229,,,,,,,,0.6507552266120911,,,,,,,,,,,
1,,11239,,,,,,,,0.4479980766773224,,,,,,,,,,,
1,,11249,,,,,,,,0.7472792863845825,,,,,,,,,,,
1,,11259,,,,,,,,0.7351459264755249,,,,,,,,,,,
1,,11269,,,,,,,,0.558077335357666,,,,,,,,,,,
1,,11279,,,,,,,,0.5640082359313965,,,,,,,,,,,
1,,11287,,,,,,,,,,,,,,0.7612905502319336,0.6794548034667969,0.7612905502319336,0.4992871880531311,0.23388832807540894,0.45812368392944336
1,,11289,,,,,,,,0.6780080795288086,,,,,,,,,,,
1,,11299,,,,,,,,0.7012926340103149,,,,,,,,,,,
1,,11309,,,,,,,,0.33289578557014465,,,,,,,,,,,
1,,11319,,,,,,,,0.7702560424804688,,,,,,,,,,,
1,,11329,,,,,,,,0.4817284345626831,,,,,,,,,,,
1,,11339,,,,,,,,0.5851168632507324,,,,,,,,,,,
1,,11349,,,,,,,,0.8084884881973267,,,,,,,,,,,
1,,11359,,,,,,,,0.32378387451171875,,,,,,,,,,,
1,,11369,,,,,,,,0.6392936706542969,,,,,,,,,,,
1,,11379,,,,,,,,0.23334398865699768,,,,,,,,,,,
1,,11389,,,,,,,,0.385680615901947,,,,,,,,,,,
1,,11399,,,,,,,,0.6479810476303101,,,,,,,,,,,
1,,11409,,,,,,,,0.23782244324684143,,,,,,,,,,,
1,,11419,,,,,,,,0.80916827917099,,,,,,,,,,,
1,,11429,,,,,,,,1.1281452178955078,,,,,,,,,,,
1,,11439,,,,,,,,0.38876163959503174,,,,,,,,,,,
1,,11449,,,,,,,,0.36778420209884644,,,,,,,,,,,
1,,11459,,,,,,,,0.2999388575553894,,,,,,,,,,,
1,,11469,,,,,,,,0.2742052674293518,,,,,,,,,,,
1,,11479,,,,,,,,1.0420376062393188,,,,,,,,,,,
1,,11489,,,,,,,,0.5429390668869019,,,,,,,,,,,
1,,11499,,,,,,,,0.34926488995552063,,,,,,,,,,,
1,,11509,,,,,,,,0.2523767650127411,,,,,,,,,,,
1,,11519,,,,,,,,0.48192328214645386,,,,,,,,,,,
1,,11529,,,,,,,,0.4022665023803711,,,,,,,,,,,
1,,11539,,,,,,,,0.6073481440544128,,,,,,,,,,,
1,,11549,,,,,,,,0.4785069525241852,,,,,,,,,,,
1,,11559,,,,,,,,0.5788074135780334,,,,,,,,,,,
1,,11569,,,,,,,,0.6237595081329346,,,,,,,,,,,
1,,11579,,,,,,,,0.7377998232841492,,,,,,,,,,,
1,,11589,,,,,,,,0.6895052790641785,,,,,,,,,,,
1,,11599,,,,,,,,0.30648112297058105,,,,,,,,,,,
1,,11609,,,,,,,,0.5915204286575317,,,,,,,,,,,
1,,11619,,,,,,,,0.5477433800697327,,,,,,,,,,,
1,,11629,,,,,,,,0.6398630142211914,,,,,,,,,,,
1,,11639,,,,,,,,0.739661455154419,,,,,,,,,,,
1,,11649,,,,,,,,0.2653222680091858,,,,,,,,,,,
1,,11659,,,,,,,,0.8665132522583008,,,,,,,,,,,
1,,11669,,,,,,,,0.3885451555252075,,,,,,,,,,,
1,,11679,,,,,,,,0.7654967308044434,,,,,,,,,,,
1,,11689,,,,,,,,0.83698570728302,,,,,,,,,,,
1,,11699,,,,,,,,0.6185621023178101,,,,,,,,,,,
1,,11709,,,,,,,,0.8118895292282104,,,,,,,,,,,
1,,11719,,,,,,,,0.27244704961776733,,,,,,,,,,,
1,,11729,,,,,,,,0.6960729360580444,,,,,,,,,,,
1,,11739,,,,,,,,0.7311086654663086,,,,,,,,,,,
1,,11749,,,,,,,,0.32415643334388733,,,,,,,,,,,
1,,11759,,,,,,,,0.31001079082489014,,,,,,,,,,,
1,,11769,,,,,,,,0.5302629470825195,,,,,,,,,,,
1,,11779,,,,,,,,0.13699489831924438,,,,,,,,,,,
1,,11789,,,,,,,,0.6243584156036377,,,,,,,,,,,
1,,11799,,,,,,,,0.5877429246902466,,,,,,,,,,,
1,,11809,,,,,,,,0.604729413986206,,,,,,,,,,,
1,,11819,,,,,,,,0.43890878558158875,,,,,,,,,,,
1,,11829,,,,,,,,0.83367919921875,,,,,,,,,,,
1,,11839,,,,,,,,0.3316233158111572,,,,,,,,,,,
1,,11849,,,,,,,,0.7576722502708435,,,,,,,,,,,
1,,11859,,,,,,,,0.4914513826370239,,,,,,,,,,,
1,,11869,,,,,,,,0.3943398594856262,,,,,,,,,,,
1,,11879,,,,,,,,0.7582661509513855,,,,,,,,,,,
1,,11889,,,,,,,,0.35402023792266846,,,,,,,,,,,
1,,11899,,,,,,,,0.20681099593639374,,,,,,,,,,,
1,,11909,,,,,,,,0.5607967376708984,,,,,,,,,,,
1,,11919,,,,,,,,0.5346081256866455,,,,,,,,,,,
1,,11929,,,,,,,,0.6554569005966187,,,,,,,,,,,
1,,11939,,,,,,,,0.4390043616294861,,,,,,,,,,,
1,,11949,,,,,,,,0.3062974214553833,,,,,,,,,,,
1,,11959,,,,,,,,0.7212885618209839,,,,,,,,,,,
1,,11969,,,,,,,,0.33839619159698486,,,,,,,,,,,
1,,11979,,,,,,,,0.5798091888427734,,,,,,,,,,,
1,,11989,,,,,,,,0.46324455738067627,,,,,,,,,,,
1,,11999,,,,,,,,0.2731039524078369,,,,,,,,,,,
1,,12009,,,,,,,,0.634503960609436,,,,,,,,,,,
1,,12019,,,,,,,,0.7722553014755249,,,,,,,,,,,
1,,12029,,,,,,,,0.7551098465919495,,,,,,,,,,,
1,,12039,,,,,,,,0.6344896554946899,,,,,,,,,,,
1,,12049,,,,,,,,0.5166220664978027,,,,,,,,,,,
1,,12059,,,,,,,,0.4600755274295807,,,,,,,,,,,
1,,12069,,,,,,,,0.9453334808349609,,,,,,,,,,,
1,,12079,,,,,,,,0.34353452920913696,,,,,,,,,,,
1,,12089,,,,,,,,0.5815591812133789,,,,,,,,,,,
1,,12099,,,,,,,,0.6794243454933167,,,,,,,,,,,
1,,12109,,,,,,,,0.6291822195053101,,,,,,,,,,,
1,,12119,,,,,,,,0.4853608012199402,,,,,,,,,,,
1,,12129,,,,,,,,0.7450779676437378,,,,,,,,,,,
1,,12139,,,,,,,,0.3434348702430725,,,,,,,,,,,
1,,12149,,,,,,,,0.35249707102775574,,,,,,,,,,,
1,,12159,,,,,,,,0.34890690445899963,,,,,,,,,,,
1,,12169,,,,,,,,0.6535306572914124,,,,,,,,,,,
1,,12179,,,,,,,,0.7881760597229004,,,,,,,,,,,
1,,12189,,,,,,,,0.4440005421638489,,,,,,,,,,,
1,,12199,,,,,,,,0.38692599534988403,,,,,,,,,,,
1,,12209,,,,,,,,0.6356159448623657,,,,,,,,,,,
1,,12219,,,,,,,,0.3801591992378235,,,,,,,,,,,
1,,12229,,,,,,,,0.505754828453064,,,,,,,,,,,
1,,12239,,,,,,,,0.49571073055267334,,,,,,,,,,,
1,,12249,,,,,,,,0.4699881672859192,,,,,,,,,,,
1,,12259,,,,,,,,0.5266062617301941,,,,,,,,,,,
1,,12269,,,,,,,,0.5313881635665894,,,,,,,,,,,
1,,12279,,,,,,,,0.30037063360214233,,,,,,,,,,,
1,,12289,,,,,,,,0.28526633977890015,,,,,,,,,,,
1,,12299,,,,,,,,1.1939479112625122,,,,,,,,,,,
1,,12309,,,,,,,,0.9642866849899292,,,,,,,,,,,
1,,12319,,,,,,,,0.6426378488540649,,,,,,,,,,,
1,,12329,,,,,,,,0.3587452173233032,,,,,,,,,,,
1,,12339,,,,,,,,0.4464969038963318,,,,,,,,,,,
1,,12349,,,,,,,,0.2653311789035797,,,,,,,,,,,
1,,12359,,,,,,,,0.4587565064430237,,,,,,,,,,,
1,,12369,,,,,,,,0.6119484901428223,,,,,,,,,,,
1,,12379,,,,,,,,0.35369980335235596,,,,,,,,,,,
1,,12389,,,,,,,,0.36785170435905457,,,,,,,,,,,
1,,12399,,,,,,,,0.22722788155078888,,,,,,,,,,,
1,,12409,,,,,,,,0.3479261100292206,,,,,,,,,,,
1,,12419,,,,,,,,0.8309997320175171,,,,,,,,,,,
1,,12429,,,,,,,,0.5185441374778748,,,,,,,,,,,
1,,12439,,,,,,,,0.13532449305057526,,,,,,,,,,,
1,,12449,,,,,,,,0.44693702459335327,,,,,,,,,,,
1,,12459,,,,,,,,0.47903454303741455,,,,,,,,,,,
1,,12469,,,,,,,,0.39102163910865784,,,,,,,,,,,
1,,12479,,,,,,,,0.37760037183761597,,,,,,,,,,,
1,,12489,,,,,,,,0.29909661412239075,,,,,,,,,,,
1,,12499,,,,,,,,0.44029664993286133,,,,,,,,,,,
1,,12509,,,,,,,,0.42030900716781616,,,,,,,,,,,
1,,12519,,,,,,,,0.4082294702529907,,,,,,,,,,,
1,,12529,,,,,,,,0.33513033390045166,,,,,,,,,,,
1,,12539,,,,,,,,0.511033296585083,,,,,,,,,,,
1,,12549,,,,,,,,0.6448923945426941,,,,,,,,,,,
1,,12559,,,,,,,,0.8020853400230408,,,,,,,,,,,
1,,12569,,,,,,,,0.6590983867645264,,,,,,,,,,,
1,,12579,,,,,,,,0.4142257869243622,,,,,,,,,,,
1,,12589,,,,,,,,0.43713974952697754,,,,,,,,,,,
1,,12599,,,,,,,,0.26127946376800537,,,,,,,,,,,
1,,12609,,,,,,,,0.8565480709075928,,,,,,,,,,,
1,,12619,,,,,,,,0.18072715401649475,,,,,,,,,,,
1,,12629,,,,,,,,0.29675406217575073,,,,,,,,,,,
1,,12639,,,,,,,,0.3047422468662262,,,,,,,,,,,
1,,12649,,,,,,,,0.5360483527183533,,,,,,,,,,,
1,,12659,,,,,,,,0.4188269078731537,,,,,,,,,,,
1,,12669,,,,,,,,0.2715698778629303,,,,,,,,,,,
1,,12679,,,,,,,,0.32440185546875,,,,,,,,,,,
1,,12689,,,,,,,,0.46287375688552856,,,,,,,,,,,
1,,12698,,,,,,,,,,,,,,0.7647998332977295,0.680007815361023,0.7647998332977295,0.493766725063324,0.23035681247711182,0.456788569688797
1,,12699,,,,,,,,0.4388231933116913,,,,,,,,,,,
1,,12709,,,,,,,,0.1757897138595581,,,,,,,,,,,
1,,12719,,,,,,,,0.2926570773124695,,,,,,,,,,,
1,,12729,,,,,,,,0.28968968987464905,,,,,,,,,,,
1,,12739,,,,,,,,0.6799298524856567,,,,,,,,,,,
1,,12749,,,,,,,,1.0709543228149414,,,,,,,,,,,
1,,12759,,,,,,,,0.16379216313362122,,,,,,,,,,,
1,,12769,,,,,,,,1.054363489151001,,,,,,,,,,,
1,,12779,,,,,,,,0.2552349269390106,,,,,,,,,,,
1,,12789,,,,,,,,0.34581446647644043,,,,,,,,,,,
1,,12799,,,,,,,,0.7285623550415039,,,,,,,,,,,
1,,12809,,,,,,,,0.26573339104652405,,,,,,,,,,,
1,,12819,,,,,,,,0.5938404202461243,,,,,,,,,,,
1,,12829,,,,,,,,0.6546598672866821,,,,,,,,,,,
1,,12839,,,,,,,,0.22762000560760498,,,,,,,,,,,
1,,12849,,,,,,,,0.5100799798965454,,,,,,,,,,,
1,,12859,,,,,,,,0.36560916900634766,,,,,,,,,,,
1,,12869,,,,,,,,0.8539731502532959,,,,,,,,,,,
1,,12879,,,,,,,,0.20516744256019592,,,,,,,,,,,
1,,12889,,,,,,,,0.3506864309310913,,,,,,,,,,,
1,,12899,,,,,,,,0.5353773236274719,,,,,,,,,,,
1,,12909,,,,,,,,0.4003494381904602,,,,,,,,,,,
1,,12919,,,,,,,,0.8383756279945374,,,,,,,,,,,
1,,12929,,,,,,,,0.7395503520965576,,,,,,,,,,,
1,,12939,,,,,,,,0.7090279459953308,,,,,,,,,,,
1,,12949,,,,,,,,0.4631497263908386,,,,,,,,,,,
1,,12959,,,,,,,,0.7527852058410645,,,,,,,,,,,
1,,12969,,,,,,,,0.39774489402770996,,,,,,,,,,,
1,,12979,,,,,,,,0.2311962991952896,,,,,,,,,,,
1,,12989,,,,,,,,0.45428770780563354,,,,,,,,,,,
1,,12999,,,,,,,,1.0091718435287476,,,,,,,,,,,
1,,13009,,,,,,,,0.9625256061553955,,,,,,,,,,,
1,,13019,,,,,,,,0.3622380793094635,,,,,,,,,,,
1,,13029,,,,,,,,0.3009514808654785,,,,,,,,,,,
1,,13039,,,,,,,,0.7725381255149841,,,,,,,,,,,
1,,13049,,,,,,,,0.45711129903793335,,,,,,,,,,,
1,,13059,,,,,,,,0.2217012643814087,,,,,,,,,,,
1,,13069,,,,,,,,0.4200180768966675,,,,,,,,,,,
1,,13079,,,,,,,,0.6877309679985046,,,,,,,,,,,
1,,13089,,,,,,,,0.4638630151748657,,,,,,,,,,,
1,,13099,,,,,,,,0.2604373097419739,,,,,,,,,,,
1,,13109,,,,,,,,0.24682655930519104,,,,,,,,,,,
1,,13119,,,,,,,,0.5641059279441833,,,,,,,,,,,
1,,13129,,,,,,,,0.6574029326438904,,,,,,,,,,,
1,,13139,,,,,,,,0.770065188407898,,,,,,,,,,,
1,,13149,,,,,,,,0.43248263001441956,,,,,,,,,,,
1,,13159,,,,,,,,0.7306203842163086,,,,,,,,,,,
1,,13169,,,,,,,,0.60025954246521,,,,,,,,,,,
1,,13179,,,,,,,,0.4926025867462158,,,,,,,,,,,
1,,13189,,,,,,,,0.27939164638519287,,,,,,,,,,,
1,,13199,,,,,,,,0.4331452250480652,,,,,,,,,,,
1,,13209,,,,,,,,0.6951605081558228,,,,,,,,,,,
1,,13219,,,,,,,,0.3817557990550995,,,,,,,,,,,
1,,13229,,,,,,,,0.19887381792068481,,,,,,,,,,,
1,,13239,,,,,,,,0.9758940935134888,,,,,,,,,,,
1,,13249,,,,,,,,0.5683437585830688,,,,,,,,,,,
1,,13259,,,,,,,,0.44471102952957153,,,,,,,,,,,
1,,13269,,,,,,,,0.33328428864479065,,,,,,,,,,,
1,,13279,,,,,,,,0.6299197673797607,,,,,,,,,,,
1,,13289,,,,,,,,0.8699875473976135,,,,,,,,,,,
1,,13299,,,,,,,,0.635355532169342,,,,,,,,,,,
1,,13309,,,,,,,,0.840274453163147,,,,,,,,,,,
1,,13319,,,,,,,,0.865321159362793,,,,,,,,,,,
1,,13329,,,,,,,,0.9390358328819275,,,,,,,,,,,
1,,13339,,,,,,,,0.5151178240776062,,,,,,,,,,,
1,,13349,,,,,,,,0.8381646871566772,,,,,,,,,,,
1,,13359,,,,,,,,0.3396178185939789,,,,,,,,,,,
1,,13369,,,,,,,,0.19432368874549866,,,,,,,,,,,
1,,13379,,,,,,,,0.6016022562980652,,,,,,,,,,,
1,,13389,,,,,,,,0.591436505317688,,,,,,,,,,,
1,,13399,,,,,,,,0.39850807189941406,,,,,,,,,,,
1,,13409,,,,,,,,0.5679858922958374,,,,,,,,,,,
1,,13419,,,,,,,,0.8108096718788147,,,,,,,,,,,
1,,13429,,,,,,,,0.6298016309738159,,,,,,,,,,,
1,,13439,,,,,,,,0.7570773363113403,,,,,,,,,,,
1,,13449,,,,,,,,0.24020788073539734,,,,,,,,,,,
1,,13459,,,,,,,,0.5098543167114258,,,,,,,,,,,
1,,13469,,,,,,,,0.6461763381958008,,,,,,,,,,,
1,,13479,,,,,,,,0.6592797040939331,,,,,,,,,,,
1,,13489,,,,,,,,0.5859533548355103,,,,,,,,,,,
1,,13499,,,,,,,,0.6247298121452332,,,,,,,,,,,
1,,13509,,,,,,,,0.6196460127830505,,,,,,,,,,,
1,,13519,,,,,,,,0.3166033625602722,,,,,,,,,,,
1,,13529,,,,,,,,0.47726455330848694,,,,,,,,,,,
1,,13539,,,,,,,,0.6357915997505188,,,,,,,,,,,
1,,13549,,,,,,,,0.4342379570007324,,,,,,,,,,,
1,,13559,,,,,,,,0.46100515127182007,,,,,,,,,,,
1,,13569,,,,,,,,0.3240998089313507,,,,,,,,,,,
1,,13579,,,,,,,,0.47773271799087524,,,,,,,,,,,
1,,13589,,,,,,,,0.5696098804473877,,,,,,,,,,,
1,,13599,,,,,,,,0.564866840839386,,,,,,,,,,,
1,,13609,,,,,,,,0.5705501437187195,,,,,,,,,,,
1,,13619,,,,,,,,0.3481719493865967,,,,,,,,,,,
1,,13629,,,,,,,,0.7882852554321289,,,,,,,,,,,
1,,13639,,,,,,,,0.41768646240234375,,,,,,,,,,,
1,,13649,,,,,,,,0.38840386271476746,,,,,,,,,,,
1,,13659,,,,,,,,0.4290929436683655,,,,,,,,,,,
1,,13669,,,,,,,,0.4655647277832031,,,,,,,,,,,
1,,13679,,,,,,,,0.38434872031211853,,,,,,,,,,,
1,,13689,,,,,,,,0.4177035391330719,,,,,,,,,,,
1,,13699,,,,,,,,0.6375989317893982,,,,,,,,,,,
1,,13709,,,,,,,,0.5270674824714661,,,,,,,,,,,
1,,13719,,,,,,,,0.7835546731948853,,,,,,,,,,,
1,,13729,,,,,,,,0.6812455058097839,,,,,,,,,,,
1,,13739,,,,,,,,0.3736117482185364,,,,,,,,,,,
1,,13749,,,,,,,,0.4136500358581543,,,,,,,,,,,
1,,13759,,,,,,,,0.7797365784645081,,,,,,,,,,,
1,,13769,,,,,,,,0.2927727699279785,,,,,,,,,,,
1,,13779,,,,,,,,0.27957379817962646,,,,,,,,,,,
1,,13789,,,,,,,,0.5583418011665344,,,,,,,,,,,
1,,13799,,,,,,,,1.1863329410552979,,,,,,,,,,,
1,,13809,,,,,,,,0.5782605409622192,,,,,,,,,,,
1,,13819,,,,,,,,0.7194895148277283,,,,,,,,,,,
1,,13829,,,,,,,,0.278544157743454,,,,,,,,,,,
1,,13839,,,,,,,,0.31231534481048584,,,,,,,,,,,
1,,13849,,,,,,,,0.5322160720825195,,,,,,,,,,,
1,,13859,,,,,,,,0.5333453416824341,,,,,,,,,,,
1,,13869,,,,,,,,0.5966106057167053,,,,,,,,,,,
1,,13879,,,,,,,,0.6708245277404785,,,,,,,,,,,
1,,13889,,,,,,,,0.7709420919418335,,,,,,,,,,,
1,,13899,,,,,,,,0.3913745880126953,,,,,,,,,,,
1,,13909,,,,,,,,0.9263620972633362,,,,,,,,,,,
1,,13919,,,,,,,,0.4702271819114685,,,,,,,,,,,
1,,13929,,,,,,,,0.5672292709350586,,,,,,,,,,,
1,,13939,,,,,,,,0.6776440143585205,,,,,,,,,,,
1,,13949,,,,,,,,0.5930157899856567,,,,,,,,,,,
1,,13959,,,,,,,,0.5065555572509766,,,,,,,,,,,
1,,13969,,,,,,,,0.6300421953201294,,,,,,,,,,,
1,,13979,,,,,,,,0.790013313293457,,,,,,,,,,,
1,,13989,,,,,,,,0.4324182868003845,,,,,,,,,,,
1,,13999,,,,,,,,0.473845899105072,,,,,,,,,,,
1,,14009,,,,,,,,0.7420693039894104,,,,,,,,,,,
1,,14019,,,,,,,,0.34411874413490295,,,,,,,,,,,
1,,14029,,,,,,,,0.4516826868057251,,,,,,,,,,,
1,,14039,,,,,,,,0.5054836869239807,,,,,,,,,,,
1,,14049,,,,,,,,0.7818179130554199,,,,,,,,,,,
1,,14059,,,,,,,,0.7989782094955444,,,,,,,,,,,
1,,14069,,,,,,,,0.9046788811683655,,,,,,,,,,,
1,,14079,,,,,,,,0.6523971557617188,,,,,,,,,,,
1,,14089,,,,,,,,0.5582623481750488,,,,,,,,,,,
1,,14099,,,,,,,,1.078359603881836,,,,,,,,,,,
1,,14109,,,,,,,,1.450571894645691,,,,,,,,,,,
1,,14109,,,,,,,,,,,,,,0.7625963687896729,0.6785295605659485,0.7625963687896729,0.4903811812400818,0.2325742244720459,0.4506286680698395
1,,14109,,,,,,,0.583788275718689,,0.5910047888755798,0.583788275718689,0.6424437165260315,0.41260385513305664,0.6137822866439819,,,,,,
,0.0001,14110,,,,,,,,,,,,,,,,,,,
2,,14119,,,,,,,,0.4019325375556946,,,,,,,,,,,
2,,14129,,,,,,,,0.6721442341804504,,,,,,,,,,,
2,,14139,,,,,,,,0.37008675932884216,,,,,,,,,,,
2,,14149,,,,,,,,0.29019540548324585,,,,,,,,,,,
2,,14159,,,,,,,,0.5664404630661011,,,,,,,,,,,
2,,14169,,,,,,,,0.2525028586387634,,,,,,,,,,,
2,,14179,,,,,,,,0.36263006925582886,,,,,,,,,,,
2,,14189,,,,,,,,0.6646332740783691,,,,,,,,,,,
2,,14199,,,,,,,,0.7990187406539917,,,,,,,,,,,
2,,14209,,,,,,,,0.47880294919013977,,,,,,,,,,,
2,,14219,,,,,,,,0.45596519112586975,,,,,,,,,,,
2,,14229,,,,,,,,0.40749359130859375,,,,,,,,,,,
2,,14239,,,,,,,,0.3740886449813843,,,,,,,,,,,
2,,14249,,,,,,,,0.41742387413978577,,,,,,,,,,,
2,,14259,,,,,,,,0.7058284282684326,,,,,,,,,,,
2,,14269,,,,,,,,0.6071292161941528,,,,,,,,,,,
2,,14279,,,,,,,,0.5927226543426514,,,,,,,,,,,
2,,14289,,,,,,,,0.6948345303535461,,,,,,,,,,,
2,,14299,,,,,,,,0.483305960893631,,,,,,,,,,,
2,,14309,,,,,,,,0.5455206036567688,,,,,,,,,,,
2,,14319,,,,,,,,0.41782572865486145,,,,,,,,,,,
2,,14329,,,,,,,,0.5252829790115356,,,,,,,,,,,
2,,14339,,,,,,,,0.2288721352815628,,,,,,,,,,,
2,,14349,,,,,,,,0.9718488454818726,,,,,,,,,,,
2,,14359,,,,,,,,0.3256641626358032,,,,,,,,,,,
2,,14369,,,,,,,,0.20322829484939575,,,,,,,,,,,
2,,14379,,,,,,,,0.18773198127746582,,,,,,,,,,,
2,,14389,,,,,,,,0.25787919759750366,,,,,,,,,,,
2,,14399,,,,,,,,0.21126464009284973,,,,,,,,,,,
2,,14409,,,,,,,,0.7726300954818726,,,,,,,,,,,
2,,14419,,,,,,,,0.5273456573486328,,,,,,,,,,,
2,,14429,,,,,,,,0.7388933897018433,,,,,,,,,,,
2,,14439,,,,,,,,0.4101217985153198,,,,,,,,,,,
2,,14449,,,,,,,,0.4703659415245056,,,,,,,,,,,
2,,14459,,,,,,,,0.6253026723861694,,,,,,,,,,,
2,,14469,,,,,,,,0.813327968120575,,,,,,,,,,,
2,,14479,,,,,,,,0.318112313747406,,,,,,,,,,,
2,,14489,,,,,,,,0.8991416692733765,,,,,,,,,,,
2,,14499,,,,,,,,0.6719822883605957,,,,,,,,,,,
2,,14509,,,,,,,,0.5135801434516907,,,,,,,,,,,
2,,14519,,,,,,,,0.3819099962711334,,,,,,,,,,,
2,,14529,,,,,,,,0.39916592836380005,,,,,,,,,,,
2,,14539,,,,,,,,0.7215491533279419,,,,,,,,,,,
2,,14549,,,,,,,,0.27713310718536377,,,,,,,,,,,
2,,14559,,,,,,,,0.35314053297042847,,,,,,,,,,,
2,,14569,,,,,,,,0.3374851644039154,,,,,,,,,,,
2,,14579,,,,,,,,0.31111037731170654,,,,,,,,,,,
2,,14589,,,,,,,,0.3321385383605957,,,,,,,,,,,
2,,14599,,,,,,,,0.4890059232711792,,,,,,,,,,,
2,,14609,,,,,,,,0.5058286786079407,,,,,,,,,,,
2,,14619,,,,,,,,0.5006460547447205,,,,,,,,,,,
2,,14629,,,,,,,,0.7370151281356812,,,,,,,,,,,
2,,14639,,,,,,,,0.409481406211853,,,,,,,,,,,
2,,14649,,,,,,,,0.2750750184059143,,,,,,,,,,,
2,,14659,,,,,,,,0.5044999122619629,,,,,,,,,,,
2,,14669,,,,,,,,0.41040167212486267,,,,,,,,,,,
2,,14679,,,,,,,,0.3054577708244324,,,,,,,,,,,
2,,14689,,,,,,,,0.38982343673706055,,,,,,,,,,,
2,,14699,,,,,,,,0.3985031247138977,,,,,,,,,,,
2,,14709,,,,,,,,0.2366379350423813,,,,,,,,,,,
2,,14719,,,,,,,,0.348405122756958,,,,,,,,,,,
2,,14729,,,,,,,,0.2788054347038269,,,,,,,,,,,
2,,14739,,,,,,,,0.5972096920013428,,,,,,,,,,,
2,,14749,,,,,,,,0.44743794202804565,,,,,,,,,,,
2,,14759,,,,,,,,0.4368288516998291,,,,,,,,,,,
2,,14769,,,,,,,,0.6019255518913269,,,,,,,,,,,
2,,14779,,,,,,,,0.22883901000022888,,,,,,,,,,,
2,,14789,,,,,,,,0.4686380624771118,,,,,,,,,,,
2,,14799,,,,,,,,0.5541217923164368,,,,,,,,,,,
2,,14809,,,,,,,,0.3704228401184082,,,,,,,,,,,
2,,14819,,,,,,,,1.0203449726104736,,,,,,,,,,,
2,,14829,,,,,,,,0.3837464153766632,,,,,,,,,,,
2,,14839,,,,,,,,0.38749611377716064,,,,,,,,,,,
2,,14849,,,,,,,,0.9092246294021606,,,,,,,,,,,
2,,14859,,,,,,,,0.22840920090675354,,,,,,,,,,,
2,,14869,,,,,,,,0.5487841367721558,,,,,,,,,,,
2,,14879,,,,,,,,0.42473283410072327,,,,,,,,,,,
2,,14889,,,,,,,,0.34737589955329895,,,,,,,,,,,
2,,14899,,,,,,,,0.29728060960769653,,,,,,,,,,,
2,,14909,,,,,,,,0.21983373165130615,,,,,,,,,,,
2,,14919,,,,,,,,0.5609877109527588,,,,,,,,,,,
2,,14929,,,,,,,,0.45252299308776855,,,,,,,,,,,
2,,14939,,,,,,,,0.31819766759872437,,,,,,,,,,,
2,,14949,,,,,,,,0.37415871024131775,,,,,,,,,,,
2,,14959,,,,,,,,0.6196525692939758,,,,,,,,,,,
2,,14969,,,,,,,,0.7241681218147278,,,,,,,,,,,
2,,14979,,,,,,,,0.5311569571495056,,,,,,,,,,,
2,,14989,,,,,,,,0.44786685705184937,,,,,,,,,,,
2,,14999,,,,,,,,0.38042953610420227,,,,,,,,,,,
2,,15009,,,,,,,,0.606999397277832,,,,,,,,,,,
2,,15019,,,,,,,,0.2883429229259491,,,,,,,,,,,
2,,15029,,,,,,,,0.28295058012008667,,,,,,,,,,,
2,,15039,,,,,,,,0.6686056852340698,,,,,,,,,,,
2,,15049,,,,,,,,0.31963732838630676,,,,,,,,,,,
2,,15059,,,,,,,,0.7313967943191528,,,,,,,,,,,
2,,15069,,,,,,,,0.45418792963027954,,,,,,,,,,,
2,,15079,,,,,,,,1.2198599576950073,,,,,,,,,,,
2,,15089,,,,,,,,0.6488226652145386,,,,,,,,,,,
2,,15099,,,,,,,,0.606184720993042,,,,,,,,,,,
2,,15109,,,,,,,,0.8849303722381592,,,,,,,,,,,
2,,15119,,,,,,,,0.5736611485481262,,,,,,,,,,,
2,,15129,,,,,,,,0.6027750968933105,,,,,,,,,,,
2,,15139,,,,,,,,0.323853462934494,,,,,,,,,,,
2,,15149,,,,,,,,0.39484429359436035,,,,,,,,,,,
2,,15159,,,,,,,,0.4698930084705353,,,,,,,,,,,
2,,15169,,,,,,,,0.5257856845855713,,,,,,,,,,,
2,,15179,,,,,,,,0.2272402048110962,,,,,,,,,,,
2,,15189,,,,,,,,0.3011512756347656,,,,,,,,,,,
2,,15199,,,,,,,,0.35586482286453247,,,,,,,,,,,
2,,15209,,,,,,,,0.9013179540634155,,,,,,,,,,,
2,,15219,,,,,,,,0.503687858581543,,,,,,,,,,,
2,,15229,,,,,,,,0.4900333285331726,,,,,,,,,,,
2,,15239,,,,,,,,0.5966877937316895,,,,,,,,,,,
2,,15249,,,,,,,,0.4729869067668915,,,,,,,,,,,
2,,15259,,,,,,,,0.6164657473564148,,,,,,,,,,,
2,,15269,,,,,,,,0.6751149892807007,,,,,,,,,,,
2,,15279,,,,,,,,0.3696610927581787,,,,,,,,,,,
2,,15289,,,,,,,,0.3345012366771698,,,,,,,,,,,
2,,15299,,,,,,,,0.43252524733543396,,,,,,,,,,,
2,,15309,,,,,,,,0.43431270122528076,,,,,,,,,,,
2,,15319,,,,,,,,0.41477537155151367,,,,,,,,,,,
2,,15329,,,,,,,,0.35233163833618164,,,,,,,,,,,
2,,15339,,,,,,,,0.5114927291870117,,,,,,,,,,,
2,,15349,,,,,,,,0.7511102557182312,,,,,,,,,,,
2,,15359,,,,,,,,0.5064210891723633,,,,,,,,,,,
2,,15369,,,,,,,,0.5682320594787598,,,,,,,,,,,
2,,15379,,,,,,,,0.4654521048069,,,,,,,,,,,
2,,15389,,,,,,,,0.9513136148452759,,,,,,,,,,,
2,,15399,,,,,,,,0.6103373765945435,,,,,,,,,,,
2,,15409,,,,,,,,0.7773881554603577,,,,,,,,,,,
2,,15419,,,,,,,,0.38729897141456604,,,,,,,,,,,
2,,15429,,,,,,,,0.323184072971344,,,,,,,,,,,
2,,15439,,,,,,,,0.33617842197418213,,,,,,,,,,,
2,,15449,,,,,,,,0.4598996341228485,,,,,,,,,,,
2,,15459,,,,,,,,0.29322028160095215,,,,,,,,,,,
2,,15469,,,,,,,,0.6991204619407654,,,,,,,,,,,
2,,15479,,,,,,,,1.7150540351867676,,,,,,,,,,,
2,,15489,,,,,,,,0.4628608226776123,,,,,,,,,,,
2,,15499,,,,,,,,0.7000430226325989,,,,,,,,,,,
2,,15509,,,,,,,,0.8443255424499512,,,,,,,,,,,
2,,15519,,,,,,,,0.25539839267730713,,,,,,,,,,,
2,,15520,,,,,,,,,,,,,,0.760848343372345,0.6785800457000732,0.760848343372345,0.4916665554046631,0.23433327674865723,0.4532778859138489
2,,15520,,,,,,,0.5083291530609131,,0.5523636937141418,0.5083291530609131,0.7019104361534119,0.49264466762542725,0.6743459701538086,,,,,,
3,,15521,0.7009421586990356,0.6436600089073181,0.7009421586990356,0.5524367690086365,0.30227404832839966,0.5279725790023804,,,,,,,,,,,,,
